Status,Status,Commit Hash,Message,Notes,Problem
,,d84c9aa25d,build: Bump version to 0.20.99,,FALSE
,,6ab96ec546,Merge #18574: cli: call getbalances.ismine.trusted instead of getwalletinfo.balance,,FALSE
,,4eb1eeb02c,Merge #18504: build: Drop bitcoin-tx and bitcoin-wallet dependencies on libevent,,FALSE
,,1b30761360,Merge #16367: Multiprocess build support,,FALSE
,,99d6a5be8b,"Merge #17999: refactor: Add ChainClient setMockTime, getWallets methods",,FALSE
,,a9213bbe75,Merge #18422: [consensus] MOVEONLY: Move single-sig checking EvalScript code to EvalChecksig,,FALSE
,,10358a381a,"Merge #17737: Add ChainstateManager, remove BlockManager global",,FALSE
,,51e2ce45d6,Merge #17693: rpc: Add generateblock to mine a custom set of transactions,,FALSE
,,75917591c8,Merge #18586: build: Bump gitian descriptors to 0.21,,FALSE
,,3eb8b1c392,Merge #17905: gui: Avoid redundant tx status updates,,FALSE
,,a5623ba89f,"Merge #18588: Revert ""Merge #16367: Multiprocess build support""",,FALSE
,,ed3b8eada8,Merge #17595: guix: Enable building for `x86_64-w64-mingw32` target,,FALSE
,,76143bf714,Merge #18495: rpc: Remove deprecated migration code,,FALSE
,,59d6249290,Merge #18593: test: complete impl. of msg_merkleblock and wait_for_merkleblock,,FALSE
,,a2b282c9d0,Merge #18609: test: Remove REJECT message code,,FALSE
,,c49971f3c9,Merge #18584: test: Check that the version message does not leak the local address,,FALSE
,,4d26312c17,Merge #18597: test: Extend wallet_dump test to cover comments,,FALSE
,,d5783985eb,Merge #18502: doc: Update docs for getbalance (default minconf should be 0),,FALSE
,,d9fd7b5a67,Merge #18596: test: Try once more when RPC connection fails on Windows,,FALSE
,,e28e5353c4,Merge #18545: test: refactor rpc_signrawtransaction and add logging,,FALSE
,,130b64415f,"Merge #18493: rpc: Remove deprecated ""size"" from mempool txs",,FALSE
,,6ef45bc968,"Merge #18581: ci: Print ccache stats, add pip cache, and cleanups",,FALSE
,,6110ae8326,Merge #18451: test: shift coverage from getunconfirmedbalance to getbalances,,FALSE
,,4702cadca9,Merge #17954: wallet: Remove calls to Chain::Lock methods,,FALSE
,,75fcfdaf8b,Merge #18631: appveyor: Disable functional tests for now,,FALSE
,,4d793bcfe8,Merge #18632: doc: Fix macos comments in release-notes,,FALSE
Done (Merged to dashpay),,903be99ee6,Merge #18621: script: Disallow silent bool -> CScript conversion,,FALSE
,,ae486b263c,Merge #17929: build: add linker optimisation flags to gitian & guix (Linux),,FALSE
,,5447d57bff,Merge #18624: Added my fingerprint Stephan Oeste (Emzy),,FALSE
,,e831f18b1e,Merge #18619: gitian: add jonatack gpg key fingerprint,,FALSE
,,18f11fb24b,Merge #18646: gui: use PACKAGE_NAME in exception message,,FALSE
,,20c0e2e0f0,Merge #18628: test: Add various low-level p2p tests,,FALSE
,,4bd6bc5cb4,Merge #18615: test: Avoid accessing free'd memory in validation_chainstatemanager_tests,,FALSE
,,6db8ef2431,Merge #18640: appveyor: Remove clcache,,FALSE
,,e84a5f0004,Merge #18645: [doc] Update thread information in developer docs,,FALSE
,,544709763e,Merge #18571: fuzz: Disable debug log file,,FALSE
,,e16718a8b3,Merge #18401: Refactor: Initialize PrecomputedTransactionData in CheckInputScripts,,FALSE
,,79b0459648,Merge #18650: qt: Make bitcoin.ico non-executable,,FALSE
,,661e8df1b6,Merge #18653: test: add coverage for bitcoin-cli -rpcwait,,FALSE
,,f4c0ad4aef,Merge #18660: test: Verify findCommonAncestor always initializes outputs,,FALSE
,,d8dfcea5d9,Merge #17669: tests: have coins simulation test also use CCoinsViewDB,,FALSE
,,447f8676b2,Merge #18667: ci: Limit cache size regardless of NO_DEPENDS,,FALSE
,,8f2497941e,Merge #18598: gitian: Add missing automake package to gitian-win-signer.yml,,FALSE
,,969ee85494,Merge #18662: test: Replace gArgs with local argsman in bench,,FALSE
,,0856c15706,Merge #18262: bnb: exit selection when best_waste is 0,,FALSE
,,4a71c46905,Merge #18670: refactor: Remove unused methods CBloomFilter::reset()/clear(),,FALSE
,,c189bfd260,Merge #17824: wallet: Prefer full destination groups in coin selection,,FALSE
,,c2e53ff064,Merge #18467: rpc: Improve documentation and return value of settxfee,,FALSE
,,ecc2e4e363,Merge #18664: fuzz: fix unused variable compiler warning,,FALSE
,,54f812d9d2,Merge #18673: scripted-diff: Sort test includes,,FALSE
,,244daa4821,Merge #18607: rpc: Fix named arguments in documentation,,FALSE
,,d7bdba460c,Merge #18683: ci: Disable valgrind functionl tests on forked repos to avoid timeouts,,FALSE
,,c54295c1a2,Merge #18641: test: Create cached blocks not in the future,,FALSE
,,895c71e535,Merge #18682: fuzz: http_request workaround for libevent < 2.1.1,,FALSE
,,bbb1ba1814,Merge #17219: wallet: allow transaction without change if keypool is empty,,FALSE
,,6ae99aab5d,Merge #18692: test: Bump timeout in wallet_import_rescan,,FALSE
,,d65631171c,Merge #18695: test: Replace boost::mutex with std::mutex,,FALSE
,,b690b24eb2,Merge #18633: test: Properly raise FailedToStartError when rpc shutdown before warmup finished (take 2),,FALSE
,,a998c5185b,Merge #18675: tests: Don't initialize PrecomputedTransactionData in txvalidationcache tests,,FALSE
,,b470c75847,Merge #15761: Replace -upgradewallet startup option with upgradewallet RPC,,FALSE
,,d2882a012b,Merge #18610: scripted-diff: test: replace command with msgtype (naming),,FALSE
,,f8102d9088,Merge #18601: wallet: Refactor WalletRescanReserver to use wallet reference,,FALSE
,,dc5da7fe7b,Merge #18691: test: add wait_for_cookie_credentials() to framework for rpcwait tests,,FALSE
,,da4cbb7927,Merge #18544: net: limit BIP37 filter lifespan (active between 'filterload'..'filterclear'),,FALSE
,,5e5dd9918e,Merge #17831: rpc: doc: Fix and extend getblockstats examples,,FALSE
,,3be119c0f6,Merge #17579: [refactor] Merge getreceivedby tally into GetReceived function,,FALSE
,,fc00e651e4,Merge #18705: ci: Remove xenial tsan workaround,,FALSE
,,56d2ff8a8f,Merge #18676: build: Check libevent minimum version in configure script,,FALSE
,,c4c3f110eb,Merge #18190: tests: Add fuzzing harness for Golomb-Rice coding (GolombRiceEncode/GolombRiceDecode),,FALSE
,,4ad6144ed0,Merge #18672: test: add further BIP37 size limit checks to p2p_filter.py,,FALSE
,,977328338e,Merge #18721: test: Fix linter issue,,FALSE
,,9ea4d8326a,Merge #18704: test: Increase debugging to hunt down mempool_reorg intermittent failure,,FALSE
,,b6a5dc90bf,Merge #18384: [test] more specific feature_segwit test error messages and fixing incorrect comments,,FALSE
,,7d1a3bda21,Merge #18709: doc: note why we can't use thread_local with glibc back compat,,FALSE
,,c90a9e6fff,Merge #18713: scripts: Add MACHO stack canary check to security-check.py,,FALSE
,,19032c750c,Merge #18612: script: Remove undocumented and unused operator+,,FALSE
,,acb4fa0741,Merge #18665: Do not expose and consider -logthreadnames when it does not work,,FALSE
,,9e8e813df5,Merge #18410: Docs: Improve commenting for coins.cpp|h,partial,FALSE
,,ce4e1f0282,Merge #18553: Avoid non-trivial global constants in SHA-NI code,,FALSE
,,5dcb061589,Merge #18702: build: fix ASLR for bitcoin-cli on Windows,,FALSE
,,a7a6f1ff41,Merge #18575: bench: Remove requirement that all benches use same testing setup,,FALSE
,,fb89af26d8,Merge #18733: doc: Add wallet release notes for 0.21.0,,FALSE
,,47b94a337e,"Merge #18732: test: Remove unused, undocumented and misleading CScript.__add__",,FALSE
,,4f802e59a0,Merge #17509: gui: save and load PSBT,,FALSE
,,e890c15e2c,Merge #18671: wallet: Add BlockUntilSyncedToCurrentChain to dumpwallet,,FALSE
,,64139803f1,Merge #18690: test: Check object hashes in wait_for_getdata,,FALSE
,,d8ca51db5d,Merge #18589: Fix naming of macOS SDK and clarify version,,FALSE
,,85bae24d06,Merge #18752: test: Fix intermittent error in mempool_reorg,,FALSE
,,d1aa0ae1ad,Merge #18712: test: display command line options passed to send_cli() in debug log,,FALSE
,,7812889849,Merge #18157: doc: fixing init.md documentation to not require rpcpassword,,FALSE
,,8c0f86f284,Merge #18757: test: Remove enumeration of expected deserialization exceptions in ProcessMessage(...) fuzzer,,FALSE
,,29637a5c56,Merge #18745: test: Check submitblock return values,,FALSE
,,a215c61333,Merge #18756: refactor: test: use wait_for_getdata() in p2p_compactblocks.py,,FALSE
,,5f19155e5b,Merge #18724: test: add coverage for -rpcwallet cli option,,FALSE
,,9fac600aba,Merge #17383: Refactor: Move consts to their correct translation units,,FALSE
,,6f51f6f357,Merge #18754: bench: add CAddrMan benchmarks,,FALSE
,,fd48e7ad99,Merge #18585: test: use zero-argument super() shortcut (Python 3.0+),,FALSE
,,bab81f7e4d,Merge #18739: doc: Document how to fuzz Bitcoin Core using Honggfuzz,,FALSE
,,3e7c118d65,Merge #18688: fuzz: Run in parallel,,FALSE
,,65276c7737,Merge #18744: test: Add fuzzing harnesses for various classes/functions in primitives/,,FALSE
,,3cf464de2e,Merge #18770: test: Remove raw-tx byte juggling in mempool_reorg,,FALSE
,,9ddfce6712,Merge #18753: test: Fix intermittent failure in wallet_importmulti,,FALSE
,,ae32e5ce3d,Merge #18669: log: Use Join() helper when listing log categories,,FALSE
,,eef90c14ed,Merge #16528: Native Descriptor Wallets using DescriptorScriptPubKeyMan,,FALSE
,,8bdb2134fc,Merge #18777: wallet: Recommend absolute path for dumpwallet,,FALSE
,,5352d14b37,Merge #18778: ci: Run functional tests on mac again,,FALSE
,,ac21090f20,Merge #18629: scripts: add PE .reloc section check to security-check.py,,FALSE
,,65fb3dfc8d,Merge #18556: build: Drop make dist in gitian builds,,FALSE
,,b9ba76f1c9,Merge #18769: qt: remove bug fix for Qt < 5.5,,FALSE
,P_Staged (merged to Pasta local repo),9fb95ae8e3,Merge #18779: doc: Better explain GNU ld's dislike of ld64's options,,FALSE
,,ad04130742,Merge #18799: ci: Document why tests can not be run on mac,,FALSE
,,6e3fc7492a,Merge #18663: doc: mention build docs in README.md,,FALSE
,,a483ffd689,Merge #18735: ci: Add and document BASE_BUILD_DIR,,FALSE
,,6a60bfc76c,Merge #18765: test: Fix wallet_bumpfee intermittent error,,FALSE
,,ba348dbc51,Merge #18805: tests: Add missing sync_all to wallet_importdescriptors.py,,FALSE
,,0ef0d33f75,Merge #18038: P2P: Mempool tracks locally submitted transactions to improve wallet privacy,,FALSE
Done (Merged to dashpay),,ecca2ea1d5,Merge #18785: Prevent valgrind false positive in rest_blockhash_by_height,,FALSE
,,af2ec6b037,Merge #18759: bench: Start nodes with -nodebuglogfile,,FALSE
,,e302830fae,Merge #18774: test: added test for upgradewallet RPC,,FALSE
,,ab91a0e0fc,Merge #18798: ci: Fix default retry script usage,,FALSE
,,978c5a2122,Merge #18485: test: Add mempool_updatefromblock.py,,FALSE
,,0f204dd3f2,Merge #18727: test: Add CreateWalletFromFile test,,FALSE
,,95a9165016,Merge #18736: test: Add fuzzing harnesses for various classes/functions in util/,,FALSE
,,36c0abd8f6,Merge #18726: test: check misbehavior more independently in p2p_filter.py,,FALSE
,,63d5ed2fc4,Merge #18437: util: Detect posix_fallocate() instead of assuming,,FALSE
,,35ef3c15ef,Merge #18591: Add C++17 build to Travis,,FALSE
Done (Merged to dashpay),,afed2e98b0,Merge #18810: doc: update rest info on block size and json,,FALSE
,,64673b1037,Merge #18780: validation: add const for minimum witness commitment size,,FALSE
,P_Staged (merged to Pasta local repo),cf5e3be5ea,Merge #18825: test: fix message for ECC_InitSanityCheck test,,FALSE
,,00c1a4d9a9,Merge #18809: rpc: Do not advertise dumptxoutset as a way to flush the chainstate,,FALSE
,,a66ba6d029,Merge #18576: test: use unittest for test_framework unit testing,,FALSE
,,ef8ef31fd2,"Merge #18775: tests: Add fuzzing harnesses for various classes/functions in policy/ (CBlockPolicyEstimator, IsRBFOptIn(…), etc.)",,FALSE
,,e5b9308920,Merge #18829: ci: Merge C++17 build with one of the existing ones,,FALSE
,,608359b071,"Merge #16426: Reverse cs_main, cs_wallet lock order and reduce cs_main locking",,FALSE
,,844d2070a2,Merge #18828: test: Strip down previous releases boilerplate,,FALSE
,,68ef9523d1,Merge #18413: script: prevent UB when computing abs value for num opcode serialize,,FALSE
,,ddc0a600b3,Merge #18617: test: add factor option to adjust test timeouts,,FALSE
,,cce034b028,Merge #18839: test: Fix intermittent issues,,FALSE
,,2e6a16b968,Merge #18855: tests: feature_backwards_compatibility.py test downgrade after upgrade,,FALSE
,,afa577c323,Merge #15768: gui: Add close window shortcut,,FALSE
,,74a1152f25,Merge #18859: Remove CCoinsViewCache::GetValueIn(...),,FALSE
,,0a729b0e42,"Merge #18783: tests: Add fuzzing harness for MessageSign, MessageVerify and other functions in util/message.h",,FALSE
Done (Merged to dashpay),,42fd503819,Merge #18786: init: Remove boost from ThreadImport,,FALSE
,,23c926d859,Merge #18699: wallet: Avoid translating RPC errors,,FALSE
Done (Merged to dashpay),,b549cb1bd2,Merge #18443: lockedpool: avoid sensitive data in core files (FreeBSD),,FALSE
,,e727c2bdca,Merge #18088: build: ensure we aren't using GNU extensions,,FALSE
,,ec79b5f86b,Merge #18782: wallet: Make sure no DescriptorScriptPubKeyMan or WalletDescriptor members are left uninitialized after construction,,FALSE
,,52ce396b2a,Merge #18879: valgrind: remove outdated suppressions,,FALSE
,,fbd522721c,Merge #18885: contrib: Move optimize-pngs.py script to the maintainer repo,,FALSE
,,60091d20f9,Merge #9381: Remove CWalletTx merging logic from AddToWallet,,FALSE
,,d96fdc2a39,Merge #18741: guix: Make source tarball using git-archive,,FALSE
,,551dc7f664,"Merge #18806: net: remove is{Empty,Full} flags from CBloomFilter, clarify CVE fix",,FALSE
Done (Merged to dashpay),,dd3310bbb8,Merge #18854: doc: Fix typo in Coin doxygen comment,,FALSE
,,6621be5351,Merge #18843: build: warn on potentially uninitialized reads,,FALSE
,,88b2652fad,Merge #18853: wallet: Fix typo in assert that is compile-time true,,FALSE
,,f763283b65,Merge #18512: Improve asmap checks and add sanity check,,FALSE
,,c6b15ec0ee,Merge #17874: build: make linker checks more robust,,FALSE
,,7bcc42b403,Merge #18873: test: Fix intermittent sync_blocks failures,,FALSE
Done (Merged to dashpay),,3b1e289248,Merge #18535: build: remove -Qunused-arguments workaround for clang + ccache,,FALSE
,,c1cd2b5a97,Merge #18899: travis: Remove valgrind,,FALSE
Done (Merged to dashpay),,56611b0e24,Merge #18743: depends: Add --sysroot option to mac os native compile flags,,FALSE
,,f54753293f,Merge #18905: travis: Remove s390x,,FALSE
,,3930014abc,"Merge #18864: Add v0.16.3 backwards compatibility test, bump v0.19.0.1 to v0.19.1",,FALSE
,,5b24f6084e,Merge #16224: gui: Bilingual GUI error messages,,FALSE
,,b55866969e,Merge #18917: fuzz: fix vector size problem in system fuzzer,,FALSE
Done (Merged to dashpay),,376294cde6,Merge #18866: test: Fix verack race to avoid intermittent test failures,,FALSE
,,88d8b4e182,Merge #18901: fuzz: use std::optional for sep_pos_opt variable,,FALSE
,,ec4d27fa8b,"Merge #18216: test, build: Enable -Werror=sign-compare",,FALSE
,,f71a3a8829,Merge #18939: doc: add c++17-enable flag to fuzzing instructions,,FALSE
,,eb2ffbb7c1,Merge #18914: refactor: Apply override specifier consistently,,FALSE
,,7a5767423f,Merge #18808: [net processing] Drop unknown types in getdata,,FALSE
,,49d237ce32,Merge #18928: build: don't pass -w when building for Windows,,FALSE
Done (Merged to dashpay),,ad1b7b1817,Merge #18957: Add a link from ZMQ doc to ZMQ example in contrib/,,FALSE
,,0f2fa599ae,"Merge #18931: net: use CMessageHeader::HEADER_SIZE, add missing include",,FALSE
,,4fa3157014,Merge #18929: ci: Pass down LD_LIBRARY_PATH and MAKEJOBS to fuzz test_runner,,FALSE
,K_Staged (merged to Kitty local repo),e45fb7e0d2,Merge #18877: Serve cfcheckpt requests,,FALSE
,,8da1e43b63,Merge #18910: p2p: add MAX_FEELER_CONNECTIONS constant,,FALSE
,,219c55da75,Merge #16710: build: Enable -Wsuggest-override if available,,FALSE
Done (Merged to dashpay),,8d17f8dc17,Merge #18578: gui: Fix leak in CoinControlDialog::updateView,,FALSE
,,246e878e78,Merge #18894: gui: Fix manual coin control with multiple wallets loaded,,FALSE
,,a33901cb6d,Merge #18814: rpc: Relock wallet only if most recent callback,,FALSE
Done (Merged to dashpay),,6c647c89db,Merge #18738: build: Suppress -Wdeprecated-copy warnings,,FALSE
,,99c03728c0,Merge #18878: test: Add test for conflicted wallet tx notifications,,FALSE
,,5d18c0ae18,Merge #18862: Remove fdelt_chk back-compat code and sanity check,,FALSE
,,fc895d7700,Merge #18616: refactor: Cleanup clientversion.cpp,,FALSE
,,51825aea7f,Merge #18922: gui: Do not translate InitWarning messages in debug.log,,FALSE
,,a9a6d946e4,Merge #18888: test: Remove RPCOverloadWrapper boilerplate,,FALSE
,P_Staged (merged to Pasta local repo),04c09553d8,Merge #18887: build: enable -Werror=gnu,,FALSE
,,b9c504cbc4,Merge #18742: miner: Avoid stack-use-after-return in validationinterface,,FALSE
,,4dd2e5255a,Merge #18946: rpcwallet: Replace boost::optional<T>::emplace with simple assignment of T{},,FALSE
,,2d7489be8f,Merge #18796: scripts: security-check.py refactors,,FALSE
,,553bb3fc3d,Merge #18962: net processing: Only send a getheaders for one block in an INV,,FALSE
,,e2f6866cca,Merge #18975: test: Remove const to work around compiler error on xenial,,FALSE
,,951870807e,Merge #18781: Add templated GetRandDuration<>,,FALSE
Done (Merged to dashpay),,5a454d7882,Merge #18634: ci: Add fuzzbuzz integration configuration file,,FALSE
,,f8123d483c,Merge #18952: test: avoid os-dependant path,,FALSE
,,dc5333d31f,"Merge #18938: tests: Fill fuzzing coverage gaps for functions in consensus/validation.h, primitives/block.h and util/translation.h",,FALSE
,,362f9c60a5,Merge #18986: tests: Add capability to disable RPC timeout in functional tests,,FALSE
,,c73bd004ae,Merge #18861: Do not answer GETDATA for to-be-announced tx,,FALSE
Done (Merged to dashpay),,042ff52142,"Merge #18999: log: Remove ""No rpcpassword set"" from logs",,FALSE
,,e7736854ef,Merge #19008: ci: tsan on clang-9,,FALSE
,,d44dd51322,Merge #18152: qt: Use SynchronizationState enum for signals to GUI,,FALSE
,,aa8d76806c,"Merge #17946: Fix GBT: Restore ""!segwit"" and ""csv"" to ""rules"" key",,FALSE
,P_Staged (merged to Pasta local repo),0aa2ff0f66,Merge #18956: build: enforce minimum required Windows version (7),,FALSE
,,a587f85853,Merge #18587: gui: Avoid wallet tryGetBalances calls in WalletModel::pollBalanceChanged,,FALSE
,,bd5ec7c528,Merge #19006: rpc: Avoid crash when g_thread_http was never started,,FALSE
,,e20e964cb1,Merge #18996: net: Remove un-actionable TODO,,FALSE
,,448bdff263,Merge #18317: Serialization improvements step 6 (all except wallet/gui),,FALSE
,,3eda7ea9ba,Merge #18764: refactor: test: replace inv type magic numbers by constants,,FALSE
,,17df15efb5,Merge #18958: guix: Make V=1 more powerful for debugging,,FALSE
,,97b21b302a,Merge #18677: Multiprocess build support,,FALSE
,,25ad2c623a,Merge #18740: Remove g_rpc_node global,,FALSE
,,cfe22a5f9e,Merge #18530: Add test for -blocksonly and -whitelistforcerelay param interaction,,FALSE
,,7418169364,Merge #18997: gui: Remove un-actionable TODO,,FALSE
,,99e5e21b38,Merge #19023: test: Fix intermittent ETIMEDOUT on FreeBSD,,FALSE
,,fed1a9043f,Merge #19020: net: Use C++11 member initialization in protocol,,FALSE
,K_Staged (merged to Kitty local repo),4479eb04d9,Merge #18960: indexes: Add compact block filter headers cache,,FALSE
,,9abed46871,Merge #16946: wallet: include a checksum of encrypted private keys,,FALSE
,,ad3a61c5f5,"Merge #18895: p2p: unbroadcast followups: rpcs, nLastResend, mempool sanity check",,FALSE
,,ccd85b57af,Merge #17681: wallet: Keep inactive seeds after sethdseed and derive keys from them as needed,,FALSE
,,df303ceb65,Merge #18787: wallet: descriptor wallet release notes and cleanups,,FALSE
,,b5c423c48e,Merge #19014: test: Replace TEST_PREVIOUS_RELEASES env var with test_framework option,,FALSE
,,fa3288cda1,Merge #19052: tests: Don't limit fuzzing inputs to 1 MB for afl-fuzz (now: ∞ ∀ fuzzers),,FALSE
,P_Staged (merged to Pasta local repo),492cdc56e0,Merge #19058: doc: Drop protobuf stuff,,FALSE
,,793e0ff22c,Merge #18698: Make g_chainman internal to validation,,FALSE
,,24f7029064,Merge #18594: cli: display multiwallet balances in -getinfo,,FALSE
Done (Merged to dashpay),,14f8447777,Merge #19059: gui: update Qt base translations for macOS release,,FALSE
,K_Staged (merged to Kitty local repo),7d32cce3e7,Merge #19010: net processing: Add support for getcfheaders,,FALSE
,,d3b0ef80f6,Merge #18867: tests: Add fuzzing harness for CCoinsViewCache,,FALSE
,,13397dc78f,Merge #19056: rpc: Make gettxoutsetinfo/GetUTXOStats interruptible,,FALSE
,,fe1357a03a,Merge #18881: Prevent UB in DeleteLock() function,,FALSE
,,dcacea096e,Merge #19032: Serialization improvements: final step,,FALSE
,,4af01b37d4,Merge #19060: test: Remove global wait_until from p2p_getdata,,FALSE
,,520e435b5e,Merge #18918: wallet: Move salvagewallet into wallettool,,FALSE
,P_Staged (merged to Pasta local repo),48e114e0a8,Merge #19061: doc: Add link to Visual Studio build readme,,FALSE
Done (Merged to dashpay),,cffbf1eb9a,Merge #19073: Remove outdated comment about DER encoding,,FALSE
,,9ccaee1d5e,Merge #19004: refactor: Replace const char* to std::string,,FALSE
,,55b4c65bd1,Merge #16127: More thread safety annotation coverage,,FALSE
,,082a417abc,Merge #18635: Replace -Wthread-safety-analysis with broader -Wthread-safety,,FALSE
Done (Merged to dashpay),,ea3e9e0b84,Merge #18700: Fix locking on WSL using flock instead of fcntl,,FALSE
,,fc1fb4dd7c,Merge #19094: build: Only allow ASCII identifiers,,FALSE
Done (Merged to dashpay),,adc143fc2b,Merge #19097: qt: Add missing QPainterPath include,,FALSE
,,5f75c5e7df,Merge #16432: qt: Add privacy to the Overview page,,FALSE
,,3431699981,Merge #17597: qt: Fix height of QR-less ReceiveRequestDialog,,FALSE
,,c2c15ea54e,Merge #17908: qt: Remove QFont warnings with QT_QPA_PLATFORM=minimal,,FALSE
,,a9024a42fc,Merge #17918: qt: Hide non PKHash-Addresses in signing address book,,FALSE
,,0d5c18204b,Merge #17956: gui: Disable unavailable context menu items in transactions tab,,FALSE
,,beb3844c45,Merge #17968: qt: Ensure that ModalOverlay is resized properly,,FALSE
,,f4b603cff6,Merge #17993: gui: Balance/TxStatus polling update based on last block hash.,,FALSE
,K_Staged (merged to Kitty local repo),de369c7ea5,Merge #18165: Consolidate service flag bit-to-name conversion to a shared serviceFlagToStr function,,FALSE
,,d7f5e01e30,Merge #18424: qt: Use parent-child relation to manage lifetime of OptionsModel object,,FALSE
,,73407ff65c,Merge #16939: p2p: Delay querying DNS seeds,,FALSE
Done (Merged to dashpay),,f2e2c5ebcc,Merge #14988: wallet: Fix for confirmed column in csv export for payment to self transactions,,FALSE
,,e4bfd51acc,Merge #18452: qt: Fix shutdown when waitfor* cmds are called from RPC console,,FALSE
,,c19fd96694,Merge #19022: test: Fix intermittent failure in feature_dbcrash,,FALSE
,,8ad5f1c376,Merge #19106: util: simplify the interface of serviceFlagToStr(),,FALSE
,,cb88de3e3d,Merge #18926: test: Pass ArgsManager into getarg_tests,,FALSE
,,98ebe7896d,Merge #18820: build: Propagate well-known vars into depends,,FALSE
,,e478b11db0,Merge #19110: test: Explain that a bug should be filed when the tests fail,,FALSE
,,826fe9c667,Merge #18807: [doc / test / mempool] unbroadcast follow-ups,,FALSE
,,dec067f5a0,Merge #18965: tests: implement base58_decode,,FALSE
Done (Merged to dashpay),,091cc4b94e,Merge #16564: test: Always define the raii_event_tests test suite,,FALSE
,K_Staged (merged to Kitty local repo),07d0e0d59f,Merge #19044: net processing: Add support for getcfilters,,FALSE
,,a65b55fa45,Merge #18994: tests: Add fuzzing harnesses for functions in script/,,FALSE
,,a8327fd71f,Merge #19072: doc: Expand section on Getting Started,,FALSE
,,9bc7751cad,Merge #19115: doc: Add release notes for 17219,,FALSE
,,44307449f7,"Merge #19104: gui, refactor: Register Qt meta types in application constructor",,FALSE
,,1f7fe59460,Merge #19111: Limit scope of all global std::once_flag,,FALSE
,,45a1489997,Merge #19122: test: Add missing sync_blocks to wallet_hd,,FALSE
,,9e8bd217cd,Merge #13204: Faster sigcache nonce,,FALSE
Done (Merged to dashpay),,5879bfa9a5,Merge #18792: wallet: Remove boost from PeriodicFlush,,FALSE
,,3657aee2d2,Merge #18982: wallet: Minimal fix to restore conflicted transaction notifications,,FALSE
,,657b82cef0,Merge #19084: net: improve code documentation for dns seed behaviour,,FALSE
,,42065518d9,"Merge #19146: doc: Remove release note fragments of 0.20.1 release, Add release-notes-0.20.0",,FALSE
,,0f55294cc1,Merge #18875: fuzz: Stop nodes in process_message* fuzzers,,FALSE
,P_Staged (merged to Pasta local repo),bdedfcf076,Merge #18974: test: Check that invalid witness destinations can not be imported,,FALSE
,,575589a62e,Merge #19041: ci: tsan with -stdlib=libc++-10,,FALSE
,,234fabab90,Merge #18210: test: type hints in Python tests,,FALSE
,,a1c0e5fce1,Merge #19088: validation: use std::chrono throughout some validation functions,,FALSE
,,b42bc33d2d,Merge #19152: build: improve build OS configure output,,FALSE
,,76e64525ff,Merge #19159: test: Make valgrind.supp work on aarch64,,FALSE
,,584170a388,Merge #19142: validation: Make VerifyDB level 4 interruptible,,FALSE
,,b46fb5cb10,Merge #19131: refactor: Fix unreachable code in init arg checks,,FALSE
,,011fe009f9,Merge #17994: validation: flush undo files after last block write,,FALSE
,,365f1082e1,Merge #19112: rpc: Remove special case for unknown service flags,,FALSE
,,39afe5b1c6,Merge #19082: test: Moved the CScriptNum asserts into the unit test in script.py,,FALSE
,,01b45b2e01,"Merge #19053: refactor: replace CNode pointers by references within net_processing.{h,cpp}",,FALSE
,,4ede05d421,Merge #18758: Remove unused boost/thread,,FALSE
,,7f9800caf9,Merge #15202: gui: Add Close All Wallets action,,FALSE
,,f4f2220456,"Merge #19132: qt: lock cs_main, m_cached_tip_mutex in that order",,FALSE
,,b55b5b6c3d,Merge #19164: ci: tsan with wallet,,FALSE
,,aa35ea5502,Merge #19173: build: turn on --enable-c++17 by --enable-fuzz,,FALSE
,,0fc6ea216c,Merge #19096: Remove g_rpc_chain global,,FALSE
,,17cfa52d38,Merge #19172: test: Do not swallow flake8 exit code,,FALSE
,,b1b1739944,Merge #18968: doc: noban precludes maxuploadtarget disconnects,,FALSE
,,1b90a7b61a,Merge #19005: doc: Add documentation for 'checklevel' argument in 'verifychain' RPC…,,FALSE
,,43695b0cf8,Merge #19201: ci: Switch to bitcoincore.org download,,FALSE
,,b3091b2be7,Merge #19202: log: remove deprecated `db` log category,,FALSE
,,807b9f8114,Merge #19188: test: Avoid overwriting the NodeContext member of the testing setup [-Wshadow-field],,FALSE
,,399a0d9dc7,Merge #19180: refactor: Replace RecursiveMutex with Mutex in Shutdown(),,FALSE
,,8496dbeba6,Merge #19190: refactor: Replace RecursiveMutex with Mutex in netbase.cpp,,FALSE
,,374fd6fc8b,Merge #19189: refactor: Replace RecursiveMutex with Mutex in timedata.cpp,,FALSE
,,41fb69404c,Merge #19192: doc: Extract net permissions doc,,FALSE
,,9573d2b55b,Merge #19194: util: Don't reference errno when pthread fails.,,FALSE
,,b3ec1fe811,Merge #18890: test: disconnect_nodes should warn if nodes were already disconnected,,FALSE
,,3e58734e55,Merge #18898: gui: Display warnings as rich text,,FALSE
,,297466b49f,Merge #18826: Expose txinwitness for coinbase in JSON form from RPC,,FALSE
,,a79bca2f1f,"Merge #19069: refactor: replace pointers by references within tx_verify.{h,cpp}",,FALSE
,,9ad6f14175,Merge #19220: refactor: Replace RecursiveMutex with Mutex in warnings.cpp,,FALSE
,,221873e158,Merge #19227: test: change blacklist to blocklist,,FALSE
,,f8364df250,Merge #19176: refactor: Error message bilingual_str consistency,,FALSE
,,20e9531379,Merge #19231: gui: add missing translation.h include to fix build,,FALSE
,,bc933aeaf0,Merge #19226: test: Add BerkeleyDatabase tsan suppression,,FALSE
,,371a73e940,Merge #19233: Make SetMiscWarning() accept bilingual_str argument,,FALSE
,,6762a627ec,Merge #19230: [TESTS] Move base58 to own module to break circular dependency,,FALSE
,,45a6811d36,Merge #19206: test: Remove leftover comment in mining_basic,,FALSE
,,7a24cca829,Merge #19100: refactor: Combine GetWalletForJSONRPCRequest and EnsureWalletIsAvailable functions,,FALSE
,,85f7db2284,Merge #19239: tests: move generate_wif_key to wallet_util.py,,FALSE
,,8682414d02,"Merge #19247: tests: Add fuzzing harness for {Read,Write}{LE,BE}{16,32,64} (crypto/common.h)",,FALSE
,,b33136b6ba,"Merge #19083: test: msg_mempool, fRelay, and other bloomfilter tests",,FALSE
,,19e919217e,Merge #19250: wallet: Make RPC help compile-time static,,FALSE
,,5af16a4db7,Merge #16756: test: Connection eviction logic tests,,FALSE
,,f154071ec8,Merge #19177: test: Fix and clean p2p_invalid_messages functional tests,,FALSE
,,8c97780db8,Merge #19228: Update libsecp256k1 subtree,,FALSE
,,265492723a,Merge #18297: build: Use pkg-config in BITCOIN_QT_CONFIGURE for all hosts including Windows,,FALSE
,,eac65d99dd,Merge #19261: refactor: Drop ::HasWallets(),,FALSE
,,195822f1e0,Merge #19264: [tests] Don't import asyncio to test magic bytes,,FALSE
,,75edf2cf02,"Merge #19282: RPC: Rephrase generatetoaddress help, and use PACKAGE_NAME",,FALSE
,,1c86ed4148,Merge #19276: ci: Move travis workarounds to .travis.yml,,FALSE
,,28ce05d06f,Merge #19260: p2p: disconnect peers that send filterclear + update existing filter msg disconnect logic,,FALSE
,,46bdd4b537,Merge #19178: Make mininode_lock non-reentrant,,FALSE
,,0afbeb73cc,Merge #19153: test: mempool compatibility test,,FALSE
,,4b30c41b4e,Merge #18927: Pass bilingual_str argument to AbortNode(),,FALSE
,,f658c15bb9,Merge #18434: tests: add a test-security target and run it in CI,,FALSE
,,86590c17fc,Merge #19284: [net] Add seed.bitcoin.wiz.biz to DNS seeds,,FALSE
,,23b2a68df5,Merge #18275: wallet: error if an explicit fee rate was given but the needed fee rate differed,,FALSE
,,5cafb46fef,Merge #19294: test: refactor: Inline adjust_bitcoin_conf_for_pre_17,,FALSE
,,3faf3429e9,"Merge #19299: refactor: Remove unused vars, Add missing includes",,FALSE
,P_Staged (merged to Pasta local repo),09da0e46bf,Merge #19287: contrib: Fix SyntaxWarning in Python base58 implementation,,FALSE
,,62d863f915,Merge #19290: wallet: move BDB specific classes to bdb.{cpp/h},,FALSE
,,9a482d3604,Merge #19249: Add means to handle negative capabilities in the Clang Thread Safety annotations,,FALSE
,,38389dd3a0,Merge #19252: test: wait for disconnect in disconnect_p2ps + bloomfilter test followups,,FALSE
,,39bd9ddb87,Merge #19295: refactor: Use AbortError in FatalError,,FALSE
,,35ed88f187,Merge #19298: test: Add missing sync_blocks,,FALSE
Done (Merged to dashpay),,931035b608,Merge #19301: build: don't warn when doxygen isn't found,,FALSE
,,343c0bfbf1,Merge #19304: test: Check that message sends successfully when header is split across two buffers,,FALSE
,,b8740d6737,Merge #18468: Span improvements,,FALSE
,,c7ebab12f9,"Merge #19292: wallet: Refactor BerkeleyBatch Read, Write, Erase, and Exists functions into non-template functions",,FALSE
,,0865a8881d,Merge bitcoin-core/gui#3: scripted-diff: Make SeparatorStyle a scoped enum,,FALSE
,,c2bcb99c1d,Merge #19071: doc: Separate repository for the gui,,FALSE
,,dbd7a91fdf,"Merge #19310: wallet: BerkeleyDatabase make BerkeleyDatabase::Create, CreateMock, and CreateDummy non-static functions",,FALSE
,,057bd3189f,Merge #19197: init: use std::thread for ThreadImport(),,FALSE
,,0101110f9b,Merge #19322: [net] split PushInventory(),,FALSE
,,c940c1ad85,Merge #19293: net: Avoid redundant and confusing FAILED log,,FALSE
,,62948caf44,Merge #18937: refactor: s/command/msg_type/ in CNetMsgMaker and CSerializedNetMsg,,FALSE
,K_Staged (merged to Kitty local repo),5f72ddb7ee,Merge #18863: refactor: Make CScriptVisitor stateless,,FALSE
,,febe5823b4,Merge #19321: ci: Run asan ci config on cirrus,,FALSE
,,6dc1b45087,Merge #19267: ci: Upgrade most ci configs to focal,,FALSE
,,f3d776b593,Merge #19309: refactor: Fix link error with --enable-debug,,FALSE
,,d4f9ae0025,Merge #19054: wallet: Skip hdKeypath of 'm' when determining inactive hd seeds,,FALSE
,,879acc681a,Merge #19018: docs: fixing description of the field sequence in walletcreatefundedpsbt RPC method,,FALSE
,,bd331bd745,Merge #17938: Disallow automatic conversion between disparate hash types,,FALSE
,,6bb5f6d8e3,Merge #16377: [rpc] don't automatically append inputs in walletcreatefundedpsbt,,FALSE
,,02b26ba1c1,Merge #19200: rpc: remove deprecated getaddressinfo fields,,FALSE
Done (Merged to dashpay),,e6f807f87c,Merge #19095: [tools] Update clang-format config for multi-line function declarations and calls,,FALSE
,,47a30ef0c6,"Merge #19133: rpc, cli, test: add bitcoin-cli -generate command",,FALSE
,,c27330897d,"Merge #18027: ""PSBT Operations"" dialog",,FALSE
,,4b5c9191e3,Merge #19208: test: move sync_blocks and sync_mempool functions to test_framework.py,,FALSE
,,8ef15e8a86,Merge #19198: test: Check that peers with forcerelay permission are not asked to feefilter,,FALSE
,,f591a1a184,Merge #19351: test: add two edge case tests for CSubNet,,FALSE
,,a6aac20019,Merge #19350: test: Refactor tests using restart_node,,FALSE
,,e3fa3c7d67,Merge #19305: doc: add C++17 release note for 0.21.0,,FALSE
,K_Staged (merged to Kitty local repo),80fd474e40,Merge #19240: build: macOS toolchain simplification and bump,,FALSE
,,dae1bd61b2,Merge bitcoin-core/gui#11: Remove needless headers from qt/walletview.cpp,,FALSE
,P_Staged (merged to Pasta local repo),205b87d2f6,Merge #19357: doc: add release note for bitcoin-cli -generate,,FALSE
,,532b134cb0,"Merge #19373: refactor: Replace HexStr(o.begin(), o.end()) with HexStr(o)",,FALSE
,,67881de0e3,"Merge #19272: net, test: invalid p2p messages and test framework improvements",,FALSE
,,c9d1040d25,Merge #19237: wallet: Check size after unserializing a pubkey,,FALSE
,,ead6d686eb,Merge #18912: ci: Run fuzz testing test cases (bitcoin-core/qa-assets) under valgrind to catch memory errors,,FALSE
,,3a4a3729d9,Merge #19090: refactor: Misc scheduler cleanups,,FALSE
,,90981b7d68,"Merge #19286: tests: Add fuzzing harness for CHash{160,256}, C{HMAC_,}SHA{1,256,512}, CRIPEMD160, CSipHasher, etc.",,FALSE
,,c8fa03d176,Merge #19378: refactor: Use Mutex type for g_cs_recent_confirmed_transactions,,FALSE
,,910f0468a1,Merge #19348: test: Bump linter versions,,FALSE
,,f32f7e907a,Merge #11413: [wallet] [rpc] sendtoaddress/sendmany: Add explicit feerate option,,FALSE
,,3bbd8225b9,Merge #19366: tests: Provide main(...) function in fuzzer. Allow building uninstrumented harnesses with --enable-fuzz.,,FALSE
,,4946400470,Merge bitcoin-core/gui#8: Fix regression in TransactionTableModel,,FALSE
,,d06cf34656,Merge bitcoin-core/gui#6: Do not truncate node flag strings in debugwindow peers details tab,,FALSE
,P_Staged (merged to Pasta local repo),d342a45ca7,Merge #19354: doc: add release note for -getinfo displaying multiwallet balances,,FALSE
,,d3a5dbfd1f,Merge #19114: scripted-diff: TxoutType C++11 scoped enum class,,FALSE
,,dd191b5832,Merge #19356: build: Fix search for brew-installed BDB 4 on OS X,,FALSE
,P_Staged (merged to Pasta local repo),2f54c76050,Merge #19390: doc/REST-interface: Remove stale info,,FALSE
,,b80ae6b4c0,Merge #19344: docs: update testgen usage example,,FALSE
,,19612ca2eb,Merge #19371: ci: Increase test timeout for sanitizer configs,,FALSE
,,fb87f6d168,Merge #19367: doc: Span pitfalls,,FALSE
,,748178f13e,Merge #19394: build: Remove unused RES_IMAGES,,FALSE
,,8edfc1715a,Merge #19204: p2p: Reduce inv traffic during IBD,,FALSE
,,1269cab21a,Merge #19403: build: improve __builtin_clz* detection,,FALSE
,K_Staged (merged to Kitty local repo),dbadf746e2,Merge #19333: refactor: Fix clang compile failure,,FALSE
,,5c3c7cc50c,Merge #19300: wallet: Handle concurrent wallet loading,,FALSE
,,8d3187fd0d,Merge #19412: test: move TEST_RUNNER_EXTRA into native tsan setup,,FALSE
,,2af56d6d5c,Merge #19399: refactor: Replace RecursiveMutex with Mutex in rpc/server.cpp,,FALSE
,,e491e55646,Merge #19375: build: target Windows 7 when building libevent and fix ipv6 usage,,FALSE
,,f6072e601a,Merge #19368: test: improve functional tests compatibility with BSD/macOS,,FALSE
,,bb588669f9,Merge #19331: build: Do not include server symbols in wallet,,FALSE
,,26291745ae,Merge #19308: wallet: BerkeleyBatch Handle cursor internally,,FALSE
,,ffa70801da,Merge #19256: gui: change combiner for signals to optional_last_value,,FALSE
,,9d92ee12fd,Merge #19257: build: remove BIP70 configure option,,FALSE
,,e1b20e2285,Merge #19028: test: Set -logthreadnames in unit tests,,FALSE
,,85a68952f8,Merge #19408: doc: Windows WSL build recommendation to temporarily disable Win32 PE support,,FALSE
,K_Staged (merged to Kitty local repo),01f857a1c9,Merge #19428: Fix boost/C++17 compile failures,,FALSE
Done (Merged to dashpay),,501203aa91,Merge bitcoin-core/gui#17: doc: Remove outdated comment in TransactionTablePriv,,FALSE
,,d6fe5b28df,Merge #19427: ci: Run all tests on native mac again,,FALSE
,,7173a3c73b,Merge #19396: refactor: Remove confusing OutputType::CHANGE_AUTO,,FALSE
,,d77170d526,Merge #19422: ci: Add tsan suppression for race in wallet,,FALSE
,,7027c67cac,Merge #18288: build: Add MemorySanitizer (MSan) in Travis to detect use of uninitialized memory,,FALSE
,,a24806c25d,Merge #19215: psbt: Include and allow both non_witness_utxo and witness_utxo for segwit inputs,,FALSE
,,daae8b8a1b,Merge #18649: tests: Add std::locale::global to list of locale dependent functions in lint-locale-dependence.sh,,FALSE
,,7d9008f43e,Merge #18307: build: Require pkg-config for all of the hosts,,FALSE
,K_Staged (merged to Kitty local repo),f61019f5a2,Merge #19407: doc: explain why passing -mlinker-version is required when cross-compiling,,FALSE
,,915ac8a861,Merge #19413: refactor: Remove confusing BlockIndex global,,FALSE
,,3276c148c4,Merge #19424: ci: Run tsan ci config on cirrus,,FALSE
,,5ec19df687,Merge #19277: util: Add Assert identity function,,FALSE
,,8783bcc099,Merge #19444: test: Remove cached directories and associated script blocks from appveyor config,,FALSE
,,171f4a516b,Merge #19324: wallet: Move BerkeleyBatch static functions to BerkeleyDatabase,,FALSE
,,f4301e9107,Merge #19450: ci: Add tsan suppression for race in BerkeleyBatch,,FALSE
,,b52e25cc1b,Merge #19328: Add gettxoutsetinfo hash_type option,,FALSE
,,abdfd2d0e3,Merge #19219: Replace automatic bans with discouragement filter,,FALSE
,,9f4c0a9694,Merge #19347: [net] Make cs_inventory nonrecursive,,FALSE
,,f7c19e829e,Merge #19320: wallet: Replace CDataStream& with CDataStream&& where appropriate,,FALSE
,,c4a44186d8,Merge #19085: Refactor: clean up PeriodicFlush(),,FALSE
Done (Merged to dashpay),,6b48c30541,Merge #19454: tools: `.clang-format` compat with clang versions < 9,,FALSE
,,e3b31255c5,Merge #19470: banlist: log post-swept banlist size at startup,,FALSE
,,64bf5d64df,Merge #18896: qt: Reset toolbar after all wallets are closed,,FALSE
Done (Merged to dashpay),,21028ce9ff,Merge #19468: refactor: Drop unused CDBWrapper methods,,FALSE
,,fc8da23fbe,Merge #19445: build: Update msvc build to use ISO standard C++17,,FALSE
,,45f58dbc9b,Merge #19452: doc: afl fuzzing comment about afl-gcc and afl-g++,,FALSE
,,9a3c7afe29,Merge #19317: Add a left-justified width field to log2_work component for a uniform debug.log output,,FALSE
Done (Merged to dashpay),,22ccc27046,Merge #18993: qt: increase console command max length,,FALSE
,,0d69fdb9a0,Merge #19314: refactor: Use uint16_t instead of unsigned short,,FALSE
,,cc9d09e73d,Merge #19191: net: Extract download permission from noban,,FALSE
,,fd9db45c3e,Merge #19258: doc: improve subtree check instructions,,FALSE
Done (Merged to dashpay),,2aaff4813c,Merge #19283: refactor: Remove unused BlockAssembler::pblock member var,,FALSE
,,a4eb6a51a7,Merge #19469: rpc: deprecate banscore field in getpeerinfo,,FALSE
,,107b8559c5,"Merge #18638: net: Use mockable time for ping/pong, add tests",,FALSE
,,c0b0b0240f,Merge #14033: p2p: Drop CADDR_TIME_VERSION checks now that MIN_PEER_PROTO_VERSION is greater,,FALSE
,,5802ea6bd3,Merge #19453: refactor: reduce DefaultRequestHandler memory allocations,,FALSE
,,505b4eda55,Merge #19140: tests: Avoid fuzzer-specific nullptr dereference in libevent when handling PROXY requests,,FALSE
,,ca055885c6,Merge #19474: doc: Use precise permission flags where possible,,FALSE
,,a42631775a,Merge #19222: tests: Add fuzzing harness for BanMan,,FALSE
,,4fc9224ee7,Merge #18850: wallet: Fix ZapSelectTx to sync wallet spends,,FALSE
,,89899a3448,Merge #19046: Replace CWallet::Set* functions that use memonly with Add/Load variants,,FALSE
,,5f96bce9b7,Merge #18923: wallet: Never schedule MaybeCompactWalletDB when -flushwallet is off,,FALSE
,,160800ac10,Merge #19441: walletdb: don't reinitialize desc cache with multiple cache entries,,FALSE
,,42fe6aad32,Merge #19493: wallet: Fix clang build in Mac,,FALSE
,,32302e5c88,Merge #19490: wallet: Fix typo in comments; Simplify assert,,FALSE
,,4db44acf2d,Merge #18202: refactor: consolidate sendmany and sendtoaddress code,,FALSE
,,631284f09a,Merge #19486: Remove unused constants `CADDR_TIME_VERSION` and `GETHEADERS_VERSION`,,FALSE
,,d52bfc4916,Merge bitcoin-core/gui#30: Disable the main window toolbar when the modal overlay is shown,,FALSE
,,37485baa27,Merge #19483: doc: Merge release notes,,FALSE
,,89fa736783,Merge #19494: doc: CONTRIBUTING.md improvements,,FALSE
,,5550fa5983,Merge #19109: Only allow getdata of recently announced invs,,FALSE
,,b93c4244b9,Merge #19464: net: remove -banscore configuration option,,FALSE
,,90b5fc9ce4,Merge #19495: ci: Disable macOS functional tests on forked repos to avoid timeouts,,FALSE
,,07c83ce039,Merge #19268: doc: Add non-thread-safe note to FeeFilterRounder::round(),,FALSE
,,1a655e89cb,Merge #19514: [net/net processing] check banman pointer before dereferencing,,FALSE
,,b26d62c49a,Merge #18990: log: Properly log txs rejected from mempool,,FALSE
,,a924f61cae,Merge #19325: wallet: Refactor BerkeleyDatabase to introduce DatabaseBatch abstract class,,FALSE
,,834ac4c0f5,Merge #19323: gui: Fix regression in *txoutset* in GUI console,,FALSE
,,f4de89edfa,Merge #19429: test: Fix intermittent failure in wallet_encryption,,FALSE
,,032cfdc9a2,Merge #19517: psbt: Increment input value sum only once per UTXO in decodepsbt,,FALSE
,,3d57015aa2,Merge #19491: util: Make Assert work with any value,,FALSE
,,2c4093ebc3,Merge #18882: build: fix -Wformat-security check when compiling with GCC,,FALSE
,,43125596ce,"Merge #19296: tests: Add fuzzing harness for AES{CBC,}256{Encrypt,Decrypt}, poly1305_auth, CHKDF_HMAC_SHA256_L32, ChaCha20 and ChaCha20Poly1305AEAD",,FALSE
,,7ebc365047,Merge #19214: Auto-detect SHA256 implementation in benchmarks,,FALSE
,,21209c9cce,"Merge #19512: p2p: banscore updates to gui, tests, release notes",,FALSE
,,d626a3be31,Merge #19210: qt: Get rid of cursor in out-of-focus labels,,FALSE
,,804ca26629,Merge #19386: rpc: Assert that RPCArg names are equal to CRPCCommand ones (server),,FALSE
,,31bdd86631,"Merge #19353: Fix mistakenly swapped ""previous"" and ""current"" lock orders",,FALSE
,,3864219d40,Merge #19360: net: improve encapsulation of CNetAddr,,FALSE
,,affed844ba,Merge #19174: refactor: replace CConnman pointers by references in net_processing.cpp,,FALSE
,,9a714c51dc,Merge bitcoin-core/gui#34: Show permissions instead of whitelisted,,FALSE
,,6a53c3e390,Merge bitcoin-core/gui#14: scripted-diff: rename movie folder to animation,,FALSE
,,0f6900e780,Merge #19533: [tests] Remove unnecessary cs_mains in denialofservice_tests,,FALSE
,K_Staged (merged to Kitty local repo),1148f3d630,Merge #17919: depends: Allow building with system clang,,FALSE
,,c57dc566b0,Merge #16525: Dump transaction version as an unsigned integer in RPC/TxToUniv,,FALSE
,,19aaf7945e,Merge #19423: test: add functional test for txrelay during and after IBD,,FALSE
,,c04485850e,"Merge #19536: qt, build: Fix QFileDialog for static builds",,FALSE
,,fd59670642,Merge #19538: ci: Add tsan suppression for race in DatabaseBatch,,FALSE
,,090d877160,"Merge #19143: tests: Add fuzzing harnesses for CAutoFile, CBufferedFile, LoadExternalBlockFile and other FILE* consumers",,FALSE
,,476436b2de,Merge #19551: fuzz: fix unused variable compiler warning in addrdb,,FALSE
,,f5000ae66c,Merge #19555: rpc: deduplicate WriteHDKeypath() used in decodepsbt,,FALSE
,,caf1766daf,Merge #19547: doc: Update macOS cross compilation dependencies for Focal,,FALSE
,,b763ae02a6,Merge #16878: Fix non-deterministic coverage of test DoS_mapOrphans,,FALSE
,,ea595d39f7,Merge #19205: script: previous_release.sh rewritten in python,,FALSE
Done (Merged to dashpay),,65a54d684f,Merge #18984: Remove unnecessary input blockfile SetPos,,FALSE
,,910a8d9c6f,Merge #19560: contrib: Clean up previous_releases.py,,FALSE
,,edfeaf6836,Merge #19552: test: fix intermittent failure in p2p_ibd_txrelay,,FALSE
,,2c0c3f8e8c,Merge #19217: p2p: disambiguate block-relay-only variable names from blocksonly variables,,FALSE
,,c7007babb7,Merge #18907: walletdb: Don't remove database transaction logs and instead error,,FALSE
,,597d2f905e,Merge #19548: fuzz: add missing overrides to signature_checker,,FALSE
,,2031aa92a3,Merge #19562: test: Fix fuzzer compilation on macOS,,FALSE
,,c7b4968552,Merge #19553: build: pass -fcommon when building genisoimage,,FALSE
,,93decbc7a4,Merge #19370: Static asserts for consistency of fee defaults,,FALSE
,,1397afc5ec,Merge #19526: log: Avoid treating remote misbehvior as local system error,,FALSE
,,ccef10261e,Merge #18044: Use wtxid for transaction relay,,FALSE
,,9d4b3d86b6,Merge #19334: wallet: Introduce WalletDatabase abstract class,,FALSE
,,6ee36a263c,Merge #19473: net: Add -networkactive option,,FALSE
,,f4cfa6d019,Merge #15935: Add <datadir>/settings.json persistent settings storage,,FALSE
Done (Merged to dashpay),,007e15dcd7,Merge #19565: build: call AC_PATH_TOOL for dsymutil in macOS cross-compile,,FALSE
,,40a04814d1,Merge #19472: [net processing] Reduce cs_main scope in MaybeDiscourageAndDisconnect(),,FALSE
,,31d2b4098a,Merge #19508: Work around memory-aliasing in descriptor ParsePubkey,,FALSE
,,b62fbf9e1c,Merge #19593: refactor: Drop unused CBufferedFile::Seek(),,FALSE
,,a1da180b1b,Merge #19589: rpc: Avoid useless mempool query in gettxoutproof,,FALSE
,,2979a7aff0,Merge #19583: p2p: clean up Misbehaving(),,FALSE
,,cea39fc268,Merge #19595: Fix .gitignore for src/test/fuzz directory,,FALSE
,,e0ed4cc50d,Merge #19530: depends: build LTO support into Apple's ld64,,FALSE
,,24ead1a923,Merge #19519: ci: Increase CCACHE_SIZE in some builds on Travis,,FALSE
,,a41ae68053,Merge #19613: travis: Re-enable s390x,,FALSE
,,2f71a1ea35,Merge #18637: coins: allow cache resize after init,,FALSE
,,a76ccb01b9,Merge #19534: net: save the network type explicitly in CNetAddr,,FALSE
,,400f45ec9b,"Merge #19525: build: add -Wl,-z,separate-code to hardening flags",,FALSE
,,8db23349fe,Merge #19335: wallet: Cleanup and separate BerkeleyDatabase and BerkeleyBatch,,FALSE
,,149eca433d,Merge #19599: test: clean message_count and last_message,,FALSE
,,2a784723f0,Merge #19597: test: test decodepsbt fee calculation (count input value only once per UTXO),,FALSE
,,4ebe2f6e75,Merge #18011: Replace current benchmarking framework with nanobench,,FALSE
,,17de75b028,"Merge #19590: p2p, refactor: add `CInv` transaction message helpers; use in net processing",,FALSE
,,37b765b962,Merge #19102: wallet: Introduce and use DummyDatabase instead of dummy BerkeleyDatabase,,FALSE
,,62d137ac3b,Merge #19561: refactor: Pass ArgsManager into functions that register args,,FALSE
,,ad2952d17a,Merge #19604: Pass mempool pointer to UnloadBlockIndex/GetCoinsCacheSizeState,,FALSE
Done (Merged to dashpay),,edec7f7c25,Merge #19439: script: Linter to check commit message formatting,,FALSE
,,a4a279b4f3,Merge #19617: doc: Clang 8 or later is required with FORCE_USE_SYSTEM_CLANG,,FALSE
,,a63a26f042,Merge #19585: rpc: RPCResult Type of MempoolEntryDescription should be OBJ.,,FALSE
,,f7c73b03d9,Merge #19569: Enable fetching of orphan parents from wtxid peers,,FALSE
,,8443fb11ad,Merge #19637: doc: Add historical release notes for 0.20.1,,FALSE
Done (Merged to dashpay),,a78742830a,Merge #19639: doc: Remove Reference Links #19582,,FALSE
,,14ceddd290,Merge #18991: Cache responses to GETADDR to prevent topology leaks,,FALSE
,,34eb236258,Merge #19326: Simplify hash.h interface using Spans,,FALSE
,,bb2a9f9c8c,Merge #19634: rpc: Document getwalletinfo's unlocked_until field as optional,,FALSE
,,3c93623be2,Merge #19489: test: Fail wait_until early if connection is lost,,FALSE
,,0f16212c59,"Merge #19340: Preserve the `LockData` initial state if ""potential deadlock detected"" exception thrown",,FALSE
Done (Merged to dashpay),,65e4ecabd5,Merge #19654: lint: Don't use TRAVIS_COMMIT_RANGE in commit message linter,,FALSE
,,e4df534c60,Merge #15382: util: add RunCommandParseJSON,,FALSE
,,4644b13b44,Merge #19632: test: Catch decimal.InvalidOperation from TestNodeCLI#send_cli,,FALSE
,,e3272ff290,Merge #19614: util: use HAVE_FDATASYNC to determine fdatasync() use,,FALSE
,,19f812c57b,Merge #19669: contrib: Fixup valgrind suppressions file,,FALSE
,,82127d27c9,Merge #19667: build: set minimum required Boost to 1.58.0,,FALSE
,,6d8543504d,Merge #19620: Add txids with non-standard inputs to reject filter,,FALSE
,,4b705b1c98,Merge #19098: test: Remove duplicate NodeContext hacks,,FALSE
,,e349eeeb2c,Merge #19672: build: make clean removes .gcda and .gcno files from fuzz directory,,FALSE
,,6ea7348122,Merge #19638: Replace `hidden service` with `onion service`,,FALSE
,,b75f2ad72d,Merge #19660: refactor: Make HexStr take a span,,FALSE
,,214e6655c3,Merge #19649: Restore test case for p2p transaction blinding,,FALSE
,,5e4fed9e58,Merge #19657: test: Wait until is_connected in add_p2p_connection,,FALSE
,,be11f94e95,Merge #19631: test: Wait for 'cmpctblock' in p2p_compactblocks when it is expected,,FALSE
,,f306384f5a,Merge #19622: build: Drop ancient hack in gitian-linux descriptor,,FALSE
Done (Merged to dashpay),,04a0676b3f,Merge #17563: lib: fix a compiler warning: unused GetDevURandom(),,FALSE
,,6d5a9fec2d,Merge #19605: doc: set CC_FOR_BUILD when building on OpenBSD,,FALSE
,,85fa648c85,Merge #19596: Deduplicate parent txid loop of requested transactions and missing parents of orphan transactions,,FALSE
,,cb1ee1551c,Merge #19674: refactor: test: use throwaway _ variable for unused loop counters,,FALSE
,,ce3bdd0ed1,Merge #19316: [net] Cleanup logic around connection types,,FALSE
,,bd00d3b1f2,Merge #19658: [rpc] Allow RPC to fetch all addrman records and add records to addrman,,FALSE
,,13c4635a3e,Merge #19696: rpc: Fix addnode remove command error,,FALSE
,,038a04eb80,Merge #19688: build: Add support for llvm-cov,,FALSE
,,8a85377cd0,Merge #18654: rpc: separate bumpfee's psbt creation function into psbtbumpfee,,FALSE
,,1052b09031,Merge #19011: Reduce cs_main lock accumulation during GUI startup,,FALSE
,,6757b3ac8f,Merge #19655: rpc: Catch listsinceblock target_confirmations exceeding block count,,FALSE
,K_Staged (merged to Kitty local repo),b4d0366b47,Merge #19070: p2p: Signal support for compact block filters with NODE_COMPACT_FILTERS,,FALSE
,,609ce2d0da,Merge #19644: rpc: document returned error fields as optional if applicable,,FALSE
,,31760bb7c9,Merge #19528: rpc: Assert that RPCArg names are equal to CRPCCommand ones (misc),,FALSE
,,c0b1706964,Merge #19568: Wallet should not override signing errors,,FALSE
,,dabab06a1a,Merge #19455: rpc generate: print useful help and error message,,FALSE
,,4d4bd5ed74,Merge #17204: wallet: Do not turn OP_1NEGATE in scriptSig into 0x0181 in signing code (sipa),,FALSE
,,1a43cd3f74,Merge #19709: test: Fix 'make cov' with clang,,FALSE
,,30dd562fd2,Merge #19457: wallet: Cleanup wallettool salvage and walletdb extraneous declarations,,FALSE
,,f269165edc,Merge #17458: Refactor OutputGroup effective value calculations and filtering to occur within the struct,,FALSE
,,a0e75bd31d,Merge #15937: Add loadwallet and createwallet load_on_startup options,,FALSE
,,d052f5e6b7,Merge #16841: Replace GetScriptForWitness with GetScriptForDestination,,FALSE
,,4cde97374d,Merge #19718: build: Add missed gcov files to 'make clean',,FALSE
,,3ab2582c7f,Merge #19730: ci: Set increased --timeout-factor by default,,FALSE
,,a57af897ec,"Merge #19564: test: p2p_feefilter improvements (logging, refactoring, speedup)",,FALSE
,,ffad348167,Merge #19705: Shrink CAddress from 48 to 40 bytes on x64,,FALSE
,,c831e105c5,Merge #14582: wallet: always do avoid partial spends if fees are within a specified range,,FALSE
,,1bc8e8eae2,Merge #19734: Move CDiskTxPos to its own file,,FALSE
,,53dac67a97,Merge #19719: build: Add Werror=range-loop-analysis,,FALSE
,,f2d1b9881f,Merge #19721: p2p: comment out unused MSG_FILTERED_WITNESS_BLOCK,,FALSE
,,772cb03a28,Merge #19015: build: Enable some commonly enabled compiler diagnostics,,FALSE
,,e6e277f9ed,Merge #19756: tests: add sync_all to fix race condition in wallet groups test,,FALSE
,,a2a250c7d0,Merge #19743: -maxapsfee follow-up,,FALSE
,,c6532fa6c1,Merge #19746: ci: Move valgrind fuzzer to cirrus,,FALSE
,,44ddcd887d,Merge #19706: refactor: make EncodeBase58{Check} consume Spans,,FALSE
,,e9b3012654,Merge #19750: refactor: remove unused c-string variant of atoi64(),,FALSE
,,44f66d2f10,Merge #19765: doc: Fix getmempoolancestors RPC result doc,,FALSE
,,70d7ddbcbb,Merge #19727: test: Remove unused classes from p2p_leak.py,,FALSE
,,27eeb0337b,Merge #19550: rpc: Add getindexinfo RPC,,FALSE
,,0d9e14a646,Merge #19733: Move comment about BaseIndex::DB from TxIndex::DB,,FALSE
Done (Merged to dashpay),,d254e6e795,Merge #19722: test: Add test for getblockheader verboseness,,FALSE
,,197450f808,Merge #19777: docs: Correct description for getblockstats's txs field,,FALSE
,,38c13a4a60,Merge #19689: build: Add Qt version checking,,FALSE
,,1d53d72948,Merge #19659: Add a seed corpus generation option to the fuzzing test_runner,,FALSE
,,8e94275f86,Merge #19786: doc: Remove label from good first issue template,,FALSE
Done (Merged to dashpay),,7ce7f2b251,Merge #17396: build: modest Android improvements,,FALSE
,,4fefd80f08,Merge #19704: Net processing: move ProcessMessage() to PeerLogicValidation,,FALSE
,,7f609f68d8,"Merge #19731: net, rpc: expose nLastBlockTime/nLastTXTime as last block/last_transaction in getpeerinfo",,FALSE
,,c6b730dbfc,Merge #18405: build: Drop all of the ZeroMQ patches,,FALSE
,,8e0f341779,Merge #15704: Move Win32 defines to configure.ac to ensure they are globally defined,,FALSE
,,f8462a6d27,"Merge #19601: Refactoring CHashWriter & Get{Prevouts,Sequence,Outputs}Hash to SHA256 (Alternative to #18071)",,FALSE
,,8d6224fefe,Merge #19628: net: change CNetAddr::ip to have flexible size,,FALSE
,,92735e45ba,Merge #19775: test: Activate segwit in TestChain100Setup,,FALSE
,,6a2ba62685,Merge #19779: Remove gArgs global from init,,FALSE
,,e80e5b3e4f,Merge #19760: test: Remove confusing mininode terminology,,FALSE
,,a12d9e5fd2,"Merge #19687: refactor: make EncodeBase{32,64} consume Spans",,FALSE
,,93ab136a33,Merge bitcoin-core/gui#35: Parse params directly instead of through node (partial revert #10244),,FALSE
,,30568d3f1e,Merge #19778: test: Fix intermittent issue in wallet_bumpfee,,FALSE
,,28f4e53e16,Merge #19752: test: Update wait_until usage in tests not to use the one from utils,,FALSE
,,2562d5d238,Merge #19761: build: improve sed robustness by not using sed,,FALSE
,,91af7ef831,Merge #19289: wallet: GetWalletTx and IsMine require cs_wallet lock,,FALSE
,,b987e657cd,Merge #19169: rpc: Validate provided keys for query_options parameter in listunspent,,FALSE
Done (Merged to dashpay),,15886b08aa,Merge bitcoin-core/gui#40: Clarify block height label,,FALSE
,,862fde88be,Merge #19067: tests: Add fuzzing harness for CNode,,FALSE
Done (Merged to dashpay),,4326515f01,Merge #19822: chain: Fix CChain comparison UB by removing it (it was unused),,FALSE
Done (Merged to dashpay),,1dac4dcf08,Merge #19758: Drop deprecated and unused GUARDED_VAR and PT_GUARDED_VAR annotations,,FALSE
,,22acd36d53,Merge #19646: doc: Updated outdated help command for getblocktemplate,,FALSE
,,9632b7edc7,Merge #19739: refactor: remove c-string interfaces for DecodeBase58{Check},,FALSE
Done (Merged to dashpay),,5edef20a65,Merge #19797: net: Remove old check for 3-byte shifted IP addresses from pre-0.2.9 nodes,,FALSE
Done (Merged to dashpay),,ca30d34cf9,Merge bitcoin-core/gui#39: Add visual accenting for the 'Create new receiving address' button,,FALSE
,,1cf73fb8eb,Merge #19607: [p2p] Add Peer struct for per-peer data in net processing,,FALSE
,,baf9cedee8,Merge #18817: doc: Document differences in bitcoind and bitcoin-qt locale handling,,FALSE
,,4631dc5c57,Merge #18921: build: add stack-clash and control-flow protection options to hardening flags,,FALSE
,,6eb97fb823,Merge #19839: Set appveyor VM version to previous Visual Studio 2019 release,,FALSE
,,f89b4f895f,Merge #19830: test: Add tsan supp for leveldb::DBImpl::DeleteObsoleteFiles,,FALSE
,,21eda43cde,"Merge #19828: wallet, refactor: Remove duplicate map lookups in GetAddressBalances",,FALSE
,,0adb80fe63,Merge #19803: Bugfix: Define and use HAVE_FDATASYNC correctly outside LevelDB,,FALSE
,,5c910a6b7a,Merge #19826: Pass mempool reference to chainstate constructor,,FALSE
,,afffbb1bc6,Merge #19710: bench: Prevent thread oversubscription and decreases the variance of result values,,FALSE
,,269a7ccb27,Merge #19099: refactor: Move wallet methods out of chain.h and node.h,,FALSE
,,61b8c04d78,Merge #19379: tests: Add fuzzing harness for SigHasLowR(...) and ecdsa_signature_parse_der_lax(...),,FALSE
,,7721b31809,Merge #19773: wallet: Avoid recursive lock in IsTrusted,,FALSE
,,f98872f127,Merge #18244: rpc: fundrawtransaction and walletcreatefundedpsbt also lock manually selected coins,,FALSE
,,c1e0c2ad3b,"Merge #19813: util, ci: Hard code previous release tarball checksums",,FALSE
,,068bc21188,Merge #19842: Update the vcpkg checkout commit ID in appveyor config,,FALSE
,,89a8299a14,"Merge #19717: rpc: Assert that RPCArg names are equal to CRPCCommand ones (mining,zmq,rpcdump)",,FALSE
,,e796fdd4cb,Merge #19507: Expand functional zmq transaction tests,,FALSE
,,a1d14f522c,Merge #19671: wallet: Remove -zapwallettxes,,FALSE
,,bab4cce1b0,Merge #19668: Do not hide compile-time thread safety warnings,,FALSE
,,48c1083632,Merge #19105: Add Muhash3072 implementation in Python,,FALSE
,,3a3e21dafb,Merge #14687: zmq: enable tcp keepalive,,FALSE
,,505b39e72b,"Merge #19610: p2p: refactor AlreadyHave(), CInv::type, INV/TX processing",,FALSE
,,c17a003758,Merge #19857: net: improve nLastBlockTime and nLastTXTime documentation,,FALSE
,,8845b38b59,Merge #19685: depends: CMake invocation cleanup,,FALSE
,,c157a50694,Merge #19840: Avoid callback when -blocknotify is empty,,FALSE
,,2d4574aad8,Merge #19861: build: add /usr/local/ to LCOV_FILTER_PATTERN for macOS builds,,FALSE
,,9876ab8c74,Merge #19844: remove usage of boost::bind,,FALSE
,,136fe4c5e9,Merge #19816: test: Rename wait until helper to wait_until_helper,,FALSE
,,68f0ab26bc,Merge #19805: wallet: Avoid deserializing unused records when salvaging,,FALSE
,,620ac8c475,Merge #19724: [net] Cleanup connection types- followups,,FALSE
,,4053de04e2,Merge #19859: qa: Fixes failing functional test by changing version,,FALSE
,,69a13eb246,Merge #19670: Protect localhost and block-relay-only peers from eviction,,FALSE
,,bd60a9a8ed,"Merge #19818: p2p: change `CInv::type` from `int` to `uint32_t`, fix UBSan warning",,FALSE
,,a0a422c34c,"Merge #19754: wallet, gui: Reload previously loaded wallets on startup",,FALSE
,,99a8eb6051,Merge #19854: Avoid locking CTxMemPool::cs recursively in simple cases,,FALSE
,,23d3ae7acc,"Merge #19405: rpc, cli: add network in/out connections to `getnetworkinfo` and `-getinfo`",,FALSE
,,df75e9f3ee,Merge #19878: rawtransaction: fix argument in combinerawtransaction help message,,FALSE
Done (Merged to dashpay),,81a19e7253,Merge #19852: refactor: Avoid duplicate map lookup in ScriptToAsmStr,,FALSE
Done (Merged to dashpay),,416efcb7ab,Merge #19728: Increase the ip address relay branching factor for unreachable networks,,FALSE
,,3ba25e3bdd,Merge #19848: Remove mempool global from interfaces,,FALSE
,,0368931702,Merge #19881: ci: Double tsan CPU and Memory to avoid global timeout,,FALSE
Done (Merged to dashpay),,c91f955f44,Merge #19887: test: Fix flaky wallet_basic test,,FALSE
Done (Merged to dashpay),,68d1f1698f,Merge #19890: refactor: remove unused header <arpa/inet.h> in protocol.cpp,,FALSE
,,af8135e369,Merge #19897: Change FILE_CHAR_BLOCKLIST to FILE_CHARS_DISALLOWED,,FALSE
,,56d47e19ed,"Merge #19619: Remove wallet.dat path handling from wallet.cpp, rpcwallet.cpp",,FALSE
,,78cb45d722,Merge #19738: wallet: Avoid multiple BerkeleyBatch in DelAddressBook,,FALSE
,,07087051af,Merge #19556: Remove mempool global,,FALSE
,,2583966130,Merge #19478: Remove CTxMempool::mapLinks data structure member,,FALSE
,,147d50d63e,Merge #19791: [net processing] Move Misbehaving() to PeerManager,,FALSE
,,4f229d8904,Merge #19914: refactor: Do not pass chain params to CheckForStaleTipAndEvictPeers twice,,FALSE
,,564e1ab0f3,Merge #19800: test: Mockwallet,,FALSE
,,a47e596486,Merge #19841: Implement Keccak and SHA3_256,,FALSE
Done (Merged to dashpay),,dffefda21d,"Merge #19870: doc: update PyZMQ install instructions, fix zmq_sub.py file permissions",,FALSE
,,9366a73d69,Merge #19916: build: allow user to specify DIR_FUZZ_SEED_CORPUS for cov_fuzz,,FALSE
,,f2d9934381,Merge #19922: test: Run rpc_txoutproof.py even with wallet disabled,,FALSE
,,be375b2206,Merge #19919: bugfix: make LoadWallet assigns status always,,FALSE
,,ba4b3fbcf2,Merge #19944: Update secp256k1 subtree (including BIP340 support),,FALSE
,,06dbbe76dd,Merge #19931: Change CSipHasher's count variable to uint8_t,,FALSE
,,ffaac6e614,Merge #16378: The ultimate send RPC,,FALSE
,,5d5e335f96,Merge #19903: Update build-openbsd.md with GUI support,,FALSE
,,a33651866c,Merge #19643: Add -netinfo peer connections dashboard,,FALSE
,,48a9968e50,Merge #19558: build: split pthread flags out of ldflags and dont use when building libconsensus,,FALSE
,,62e3eb9888,Merge #19241: help: Generate checkpoint height from chainparams,,FALSE
,,1c4f59728c,Merge #19879: [p2p] miscellaneous wtxid followups,,FALSE
,,a518b1c26b,Merge #19936: Test: batch rpc with params,,FALSE
,,be3af4f310,Merge #19934: tests: Add fuzzing harness for Keccak and SHA3_256,,FALSE
,,652c45fdbb,Merge #15454: Remove the automatic creation and loading of the default wallet,,FALSE
,,967be53aee,Merge #19971: test: create default wallet in extended tests,,FALSE
,,c30f79d418,Merge #19940: rpc: Return fee and vsize from testmempoolaccept,,FALSE
,,83b23848f7,Merge #18790: gui: Improve thread naming,,FALSE
,,831b0ecea9,Merge #13686: ZMQ: Small cleanups in the ZMQ code,,FALSE
,P_Staged (merged to Pasta local repo),38fd1bdcd4,Merge #18949: doc: Add CODEOWNERS file to automatically nominate PR reviewers,,FALSE
,,b99a1633b2,Merge #19781: test: add parameterized constructor for msg_sendcmpct(),,FALSE
,,c0c409dcd3,Merge #19697: Improvements on ADDR caching,,FALSE
,,8c5f68118c,Merge #18267: BIP-325: Signet [consensus],,FALSE
,,77376034d4,Merge #17785: p2p: Unify Send and Receive protocol versions,,FALSE
,,d692d192cd,"Merge #19849: Assert that RPCArg names are equal to CRPCCommand ones (blockchain,rawtransaction)",,FALSE
,,c7eb85d005,Merge #19959: build: patch qt libpng to fix powerpc build,,FALSE
,,b1291b2e8f,Merge #19963: Clarify blocksonly whitelistforcerelay test,,FALSE
,,8219893825,Merge #19993: refactor: Signet fixups,,FALSE
,,9e217f5a6f,"Merge #19572: ZMQ: Create ""sequence"" notifier, enabling client-side mempool tracking",,FALSE
,,8235dca621,"Merge #19979: Replace LockAssertion with AssertLockHeld, remove LockAssertion",,FALSE
,,5e14fafb31,"Merge #19994: Assert that RPCArg names are equal to CRPCCommand ones (net, rpcwallet)",,FALSE
,,43305e9810,Merge #19868: build: Fix target name,,FALSE
,,1b313cacc9,Merge #19927: validation: Reduce direct g_chainman usage,,FALSE
,,78f912c901,Merge #19804: test/refactor: reference p2p objects explicitly and remove confusing Test_Node.p2p property,,FALSE
,,8aa3a4a498,Merge #20022: test: use explicit p2p objects where available,,FALSE
,,4f45ea1f73,"Merge #19725: [RPC] Add connection type to getpeerinfo, improve logs",,FALSE
,,055abfbc5a,Merge #20023: test: remove unused constants in functional tests,,FALSE
,,e7e6f0bf18,Merge #20026: test: typo in a functional test doc,,FALSE
,,c95784e3d3,Merge #20016: uint256: 1 is a constant,,FALSE
,,2552702000,Merge #15367: feature: Added ability for users to add a startup command,,FALSE
,,655937ebcb,Merge #19845: net: CNetAddr: add support to (un)serialize as ADDRv2,,FALSE
,,5db44c740e,Merge #20014: doc: Mention signet in -help output,,FALSE
,,7ea649946d,Merge #20028: test: Check that invalid peer traffic is accounted for,,FALSE
,,e36aa351a3,Merge #19969: Send RPC bug fix and touch-ups,,FALSE
,,6af9b31bfc,"Merge #19107: p2p: Move all header verification into the network layer, extend logging",,FALSE
,,ec9b4492eb,Merge #19630: Cleanup fee estimation code,,FALSE
,,d82b2c6e65,Merge #19898: log: print unexpected version warning in validation log category,,FALSE
,,8aa6178961,Merge #20003: net: Exit with error message if -proxy is specified without arguments (instead of continuing without proxy server),,FALSE
,,9e6f56f6ea,"Merge #19984: log: Remove static log message ""Initializing chainstate Chainstate [ibd] @ height -1 (null)""",,FALSE
,P_Staged (merged to Pasta local repo),de4b7f25ac,Merge #20015: doc: Added default signet config for linearize script,,FALSE
,,c7ad94428a,Merge #19958: doc: Better document features of feelers,,FALSE
,,36f5a58c02,Merge #19960: build: The vcpkg tool has introduced a proper way to use manifests,,FALSE
,,1769828684,"Merge #19501: send* RPCs in the wallet returns the ""fee reason""",,FALSE
,,5c435c78e3,Merge #20036: signet: Add assumed values for default signet,,FALSE
,,4f5ae52738,Merge #20006: Fix misleading error message: Clean stack rule,,FALSE
,,301959fa74,Merge #20043: doc: Add 19501 release notes,,FALSE
,,7b7cb70f4c,Merge #19498: Tidy up ProcessOrphanTx,,FALSE
,,72affcb16c,Merge #19802: doc: elaborate on release notes wrt netmasks,,FALSE
,,3487e421a7,Merge #20004: test: Add signet witness commitment section parse tests,,FALSE
,,40aab35e98,Merge #19253: Tests: tidy up address.py and segwit_addr.py,,FALSE
,,9fc2f011ba,Merge #20048: chainparams: do not log signet startup messages for other chains,,FALSE
,,a0185d90a7,Merge #18309: zmq: Add support to listen on multiple interfaces,,FALSE
,,69a73803df,Merge #20058: Update transifex slug for 0.21,,FALSE
,,a6a993a888,Merge #20060: refactor: fix -Wbraced-scalar-init warning in validation tests,,FALSE
,,60ec57b3d7,Merge #20055: rpc: Set HTTP Content-Type in bitcoin-cli,,FALSE
,,df2129a234,Merge #19991: net: Use alternative port for incoming Tor connections,,FALSE
,,597488d37c,Merge #19871: doc: Clarify scope of eviction protection of outbound block-relay peers,,FALSE
,,d9935222d5,"Merge #19951: net, test:  CNetAddr scoped ipv6 test coverage, rename scopeId to m_scope_id",,FALSE
,,171cd05ae3,Merge #20034: test: Get rid of default wallet hacks,,FALSE
,,54fc96ffa7,Merge #19956: rpc: Improve invalid vout value rpc error message,,FALSE
,,06314fbb55,"Merge #20071: ci, lint: Remove usage of TRAVIS_COMMIT_RANGE",,FALSE
,,2f7a53cc9d,Merge #20069: test: Mention commit id in scripted diff error,,FALSE
,,f0fd132226,Merge #20072: ci: Build Arm64 on Travis without functional tests,,FALSE
,,cce1513179,Merge #19723: Ignore unknown messages before VERACK,,FALSE
,,dde104963b,Merge #20064: RPC: remove duplicate line in getblock help,,FALSE
,,875e1ccc9f,"Merge #19947: Test: Cover ""change_type"" option of ""walletcreatefundedpsbt"" RPC",,FALSE
,,d8cd7b137f,Merge #20095: CI: Bump vcpkg commit ID to get new msys mirror list,,FALSE
,,db88db4727,Merge #19339: validation: re-delegate absurd fee checking from mempool to clients,,FALSE
,,283a73d7ea,Merge #20092: util: Do not use gArgs global in ArgsManager member functions,,FALSE
,,9dd4de2832,Merge #20027: Use mockable time everywhere in net_processing,,FALSE
,,b337bd7bc0,Merge #20065: fuzz: Configure check for main function,,FALSE
Done (Merged to dashpay),,392c6f4fb2,Merge #20101: rpc: change no wallet loaded message to be clearer,,FALSE
,,d9de00b3e0,Merge #20105: [net] Remove CombinerAll,,FALSE
,,380705ef4f,Merge #20106: cirrus: Use kvm to avoid spurious CI failures in the default virtualization cluster,,FALSE
,,6854dbdc88,Merge #20076: doc: Update and improve files.md,,FALSE
,,12a1c3ad1a,Merge #20107: doc: Collect release-notes snippets,,FALSE
,,0b2abaa666,Merge #19954: Complete the BIP155 implementation and upgrade to TORv3,,FALSE
,,af22322dab,Merge #20119: BIP155 follow-ups,,FALSE
,,f79a4a8952,Merge #19998: net: Add CNode::ConnectedThroughNetwork member function,,FALSE
,,ad90dd9f31,Merge #20141: Avoid the use of abs64 in timedata,,FALSE
,,cd6e193d4c,"Merge #20126: test: p2p_leak_tx.py improvements (use MiniWallet, add p2p_lock acquires)",,FALSE
,,ec0453cd57,Merge bitcoin-core/gui#102: Fix SplashScreen crash when run with -disablewallet,,FALSE
,,e21b824386,Merge #20109: Release notes and followups from 19339,,FALSE
,,3750f664b3,Merge #20129: tests: don't export in6addr_loopback,,FALSE
,,9efa55c715,Merge #20130: Wallet: remove db mode string,,FALSE
,,99a1d572ea,Merge #18750: build: optionally skip external warnings,,FALSE
,,c2c4dbaebd,Merge #19988: Overhaul transaction request logic,,FALSE
,,661fe5d65c,Merge #20146: net: Send post-verack handshake messages at most once,,FALSE
,,f2e6d14430,"Merge #20147: Update libsecp256k1 (endomorphism, test improvements)",,FALSE
,,8ed37f6c84,Merge #19077: wallet: Add sqlite as an alternative wallet database and use it for new descriptor wallets,,FALSE
,,3caee16946,Merge #19953: Implement BIP 340-342 validation (Schnorr/taproot/tapscript),,FALSE
,,3956165903,Merge #17775: DecodeHexTx: Try case where txn has inputs first,,FALSE
,,e3b474c548,Merge #20140: Restore compatibility with old CSubNet serialization,,FALSE
,,560dea9b26,"Merge #19770: RPC: getpeerinfo: Deprecate ""whitelisted"" field (replaced by ""permissions"")",,FALSE
,P_Staged (merged to Pasta local repo),711ddce943,Merge #20131: test: Remove unused nVersion=1 in p2p tests,,FALSE
,,0d22482353,"Merge #20002: net, rpc, cli: expose peer network in getpeerinfo; simplify/improve -netinfo",,FALSE
,,9855422e65,Merge #17428: p2p: Try to preserve outbound block-relay-only connections during restart,,FALSE
,,9ad7cd2887,Merge #20090: [doc] Tiny followups to new getpeerinfo connection type field,,FALSE
,,cbb5f3a2d5,Merge #19836: rpc: Properly deserialize txs with witness before signing,,FALSE
,,82d3596dfe,Merge #20161: Minor Taproot follow-ups,,FALSE
,,2947ae6f85,Merge #20035: signet: Fix uninitialized read in validation,,FALSE
,,cb21d864c5,Merge #19401: QA: Use GBT to get block versions correct,,FALSE
,,9e8d2bd076,Merge bitcoin-core/gui#97: Relax GUI freezes during IBD (when using wallets),,FALSE
,,b3527fd2e9,Merge #20168: contrib: Fix gen_key_io_test_vectors.py imports,,FALSE
,,5d644778da,Merge #20169: Taproot follow-up: Make ComputeEntrySchnorr and ComputeEntryECDSA const to clarify contract,,FALSE
,,80c8a02f1b,"Merge #20159: test: mining_getblocktemplate_longpoll.py improvements (use MiniWallet, add logging)",,FALSE
,,c92aa8357c,Merge #19911: net: guard vRecvGetData with cs_vRecv and orphan_work_set with g_cs_orphans,,FALSE
,,a1e0359618,Merge #19986: refactor: clean up -Wlogical-op warning in wallet/scriptpubkeyman.cp,,FALSE
,,62af467ff0,Merge #20082: [bugfix] random: fixes read buffer to use min rather than max,,FALSE
,,152ddb3197,Merge #20180: test: Fix -Wunused-function warnings if configured --without-libs,,FALSE
,,d9d9a29352,Merge #20179: test: Fix intermittent issue in wallet_import_rescan,,FALSE
,,4769942d90,Merge #19624: Warn on unknown rw_settings,,FALSE
,,4f807348af,Merge #20185: doc: Merge release notes,,FALSE
,,45385018e1,"Merge #20162: p2p: declare Announcement::m_state as uint8_t, add getter/setter",,FALSE
,,f5bd46a4cc,"Merge #20125: rpc, wallet: Expose database format in getwalletinfo",,FALSE
,,0f86e7f128,Merge #20157: Bugfix: chainparams: Add missing (always enabled) Taproot deployment for Signet,,FALSE
,,47fc883106,Merge #19967: test: Replace (dis)?connect_nodes globals with TestFramework methods,,FALSE
,,b46f37ba5e,"Merge #20198: Show name, format and if uses descriptors in bitcoin-wallet tool",,FALSE
,,dda18e7310,Merge #20214: test: Fix rpc_net intermittent issue,,FALSE
,,1cb4e339f9,Merge #20039: test: Convert amounts from float to decimal,,FALSE
,,7012db2a6b,Merge #20176: test: Fix intermittent issue in p2p_feefilter,,FALSE
,,88271184e8,Merge #20112: test: Speed up wallet_resendwallettransactions with mockscheduler RPC,,FALSE
,,9453fbf5a0,Merge #20: Wrap tooltips in the intro window,,FALSE
,,9af7c1993b,Merge #20216: wallet: fix buffer over-read in SQLite file magic check,,FALSE
,,49984b44cf,Merge bitcoin-core/gui#71: Fix visual quality of text in QR image,,FALSE
,,d67883d01e,Merge bitcoin-core/gui#43: bugfix: Call setWalletActionsEnabled(true) only for the first wallet,,FALSE
,,fa463f1163,Merge #20247: fuzz: Check for addrv1 compatibility before using addrv1 serializer. Fuzz addrv2 serialization.,,FALSE
,,67d4643a1a,Merge #20152: doc: Update wallet files in files.md,,FALSE
,,c1564baf3b,Merge #19124: doc: Document ALLOW_HOST_PACKAGES dependency option,,FALSE
,,83363f7b62,Merge #20167: test: Add test for -blockversion,,FALSE
,,55b1ffcd25,Merge bitcoin-core/gui#116: Fix unreasonable default size of the main window without loaded wallets,,FALSE
,,488b77f72e,Merge #20256: qt: Pre-splitoff translations update,,FALSE
,,db26eeba71,Merge #19877: [test] clarify rpc_net & p2p_disconnect_ban functional tests,,FALSE
,,3f512f3d56,Merge #20258: tests: Remove getnettotals/getpeerinfo consistency test,,FALSE
,,6196cf77e5,Merge #19753: p2p: don't add AlreadyHave transactions to recentRejects,,FALSE
,,924a4ff7eb,Merge #20242: fuzz: Properly initialize PrecomputedTransactionData,,FALSE
,,f3727fd735,Merge #20156: build: Make sqlite support optional (compile-time),,FALSE
,,2e24197117,Merge #20115: cli: -netinfo quick updates/fixups for 0.21,,FALSE
,,5b82f253b6,Merge #20195: build: fix mutex detection when building bdb on macOS,,FALSE
,,8e9e190ea5,Merge #20257: Update secp256k1 subtree to latest master,,FALSE
,,42b66a6b81,Merge #20186: wallet: Make -wallet setting not create wallets,,FALSE
,,5a6f3c5a01,Merge #20080: Strip any trailing `/` in -datadir and -blocksdir paths,,FALSE
,,0c2eb7f8de,Merge #20262: tests: Skip --descriptor tests if sqlite is not compiled,,FALSE
,,f1fcbdea25,Merge #20271: doc: Document that wallet salvage is experimental,,FALSE
,,26d7941224,Merge #20230: wallet: Fix bug when just created encrypted wallet cannot get address,,FALSE
,,867dbeba5f,Merge #20281: docs: Correct getblockstats documentation for (sw)total_weight,,FALSE
,,c5ec0367d7,Merge #20165: Only relay Taproot spends if next block has it active,,FALSE
,,b6a00e76ab,Merge #20279: doc: release process updates/fixups,,FALSE
,,ef4c7c4e0b,Merge #18788: tests: Update more tests to work with descriptor wallets,,FALSE
,,ca18860563,Merge #20263: Update assumed chain params,,FALSE
,,8387f832d6,Merge #20187: Addrman: test-before-evict bugfix and improvements for block-relay-only peers,,FALSE
,,5174b534da,Merge #20289: fuzz: Check for addrv1 compatibility before using addrv1 serializer/deserializer on CService,,FALSE
,,218fe60d91,Merge #20290: fuzz: Fix DecodeHexTx fuzzing harness issue,,FALSE
,,95bde34a71,Merge #20237: net: Hardcoded seeds update for 0.21,,FALSE
,,17c6fb176a,Merge #20282: wallet: change upgradewallet return type to be an object,,FALSE
,,5d32009f1a,"Merge #20220: wallet, rpc: explicit fee rate follow-ups/fixes for 0.21",,FALSE
,,88776c2926,Merge #20245: test: Run script_assets_test even if built --with-libs=no,,FALSE
,P_Staged (merged to Pasta local repo),1209b6c692,Merge #20212: net: fix output of peer address in version message,,FALSE
,,ed9f547750,Merge #20299: test: Fix intermittent rpc_net issue,,FALSE
,,deb2b27c0d,Merge #20294: ci: Run more ci configs on cirrus,,FALSE
,,6760088015,Merge #20300: fuzz: Add missing ECC_Start to descriptor_parse test,,FALSE
,,83650e4df5,Merge #20199: wallet: ignore (but warn) on duplicate -wallet parameters,,FALSE
,,6954e4d16c,Merge #20283: test: Only try witness deser when checking for witness deser failure,,FALSE
,,f33e332541,Merge #20303: fuzz: Assert expected DecodeHexTx behaviour when using legacy decoding,,FALSE
,,d94777bd52,Merge #20302: net: Make it easier to reason about node eviction by removing unused NodeEvictionCandidate::addr (CAddress),,FALSE
,,9bb078351b,Merge #20308: wallet: Set bilingual error completely,,FALSE
,,f5cdc290d5,Merge #20316: test: Fix wallet_multiwallet test issue on Windows,,FALSE
,,65460c207c,Merge #20324: wallet: Set DatabaseStatus::SUCCESS in MakeSQLiteDatabase,,FALSE
,,c51c2753a4,Merge #20326: tests: Fix ecdsa_verify in test framework,,FALSE
Done (Merged to dashpay),,a0c00ff7c0,Merge #20298: macOS deploy: use the new plistlib API,,FALSE
,,4727c1ca24,Merge #20328: cirrus: Skip tasks on the gui repo main branch,,FALSE
,,7e373294a5,Merge #20315: travis: Remove s390x build,,FALSE
,,f70eb51b05,Merge #20318: build: Ensure source tarball has leading directory name,,FALSE
,,663fd92b28,Merge #20266: wallet: fix change detection of imported internal descriptors,,FALSE
,,05aeeee34f,Merge #20339: ci: Run more ci configs on cirrus,,FALSE
,,4fd37d0a10,Merge #20292: test: Fix intermittent feature_taproot issue,,FALSE
,,79a3b59cc7,"Merge #20120: net, rpc, test, bugfix: update GetNetworkName, GetNetworksInfo, regression tests",,FALSE
,,1dfe19e284,Merge #20153: wallet: do not import a descriptor with hardened derivations into a watch-only wallet,,FALSE
,,0b69bb90ee,Merge #20355: fuzz: Check for addrv1 compatibility before using addrv1 serializer/deserializer on CSubNet,,FALSE
,,42f950cb27,Merge #20322: test: Fix intermittent issue in wallet_listsinceblock,,FALSE
,,fa8dd34e91,Merge #20332: test: Mock IBD in net_processing fuzzers,,FALSE
,,155bf91c3b,Merge #20368: ci: Remove redundant valgrind fuzz task,,FALSE
,,179ece4273,Merge #20218: test: Suppress epoll_ctl data race,,FALSE
,,d9f5132736,Merge #20344: wallet: fix scanning progress calculation for single block range,,FALSE
,,c2d8ba6265,Merge #19502: Bugfix: Wallet: Soft-fail exceptions within ListWalletDir file checks,,FALSE
,,bcd142e479,Merge #20285: Remove references to CreateWalletFromFile,,FALSE
,,027e51f715,Merge #20372: Avoid signed integer overflow when loading a mempool.dat file with a malformed time field,,FALSE
,,af8ec1d3e5,Merge #20375: fuzz: Improve coverage for CPartialMerkleTree fuzzing harness,,FALSE
,,8a486158cb,Merge #20188: tests: Add fuzzing harness for CConnman,,FALSE
,,9bd1316697,Merge bitcoin-core/gui#120: Fix multiwallet transaction notifications,,FALSE
,,0bd4929cd0,Merge #20284: addrman: ensure old versions don't parse peers.dat,,FALSE
,,99fcc2b477,Merge #20379: tests: Remove no longer needed UBSan suppression (float divide-by-zero in validation.cpp),,FALSE
,,28cb61646b,Merge #19065: tests: Add fuzzing harness for CAddrMan,,FALSE
Done (Merged to dashpay),,543693b92b,Merge #20378: wallet: fix potential division by 0 in WalletLogPrintf,,FALSE
,,fb7726e56d,Merge #20395: ci: Use the previous build worker image in AppVeyor,,FALSE
,,0ede354367,Merge #20386: Silence false positive GCC warning in wallet/rpcwallet.cpp,,FALSE
,,2fa085a5d7,"Merge #20033: refactor: minor whitespace fixups, s/const/constexpr/ and remove template (followup to #19845)",,FALSE
,,37a4634811,Merge #20390: CI/Cirrus: Skip merge_base step for non-PRs,,FALSE
,,1e17114917,Merge #20238: doc: Missing comments for signet parameters,,FALSE
,,c48e788246,Merge #18836: wallet: upgradewallet fixes and additional tests,,FALSE
Done (Merged to dashpay),,7c0d412a74,Merge #20405: p2p: avoid calculating onion address checksum when version is not 3,,FALSE
,,3457054c61,"Merge #20346: script: modify security-check.py to use ""=="" instead of ""is"" for literal comparison",,FALSE
,,c463f70fb0,Merge #20139: Wallet: do not return warnings from UpgradeWallet(),,FALSE
,,e7986c51bc,Merge bitcoin-core/gui#96: Slight improve create wallet dialog,,FALSE
,,80e32e120e,Merge #20305: wallet: introduce fee_rate sat/vB param/option,,FALSE
,,831675c8dc,Merge #20401: qt: Pre-splitoff translations update,,FALSE
DNM (Did Not Merge),,463b316822,build: Bump version for 0.21.0rc1,,FALSE
DNM (Did Not Merge),,6cde7bb9b2,doc: Generate manual pages for 0.21.0rc1,,FALSE
DNM (Did Not Merge),,80496f9e81,build: Set msvc builds's CLIENT_VERSION_IS_RELEASE,,FALSE
,,bf9548bc59,Merge #20431: [backport 0.21] tests: shrink feature_taproot transfer of funds tx,,FALSE
,,3fae2f95f1,Merge #20475: [backport] RPC: unloadwallet: Clarify docs/error when both the RPC endpoint and wallet_name parameter specify a wallet,,FALSE
,,17294c1820,Merge #20479: Fix QPainter non-determinism on macOS (0.21 backport),,FALSE
DNM (Did Not Merge),,ba19f9b490,build: Bump RC to rc2,,FALSE
DNM (Did Not Merge),,7264bcd20f,qt: Pre-rc2 translations update,,FALSE
,,4e964094db,Merge #20486: [backport] test: Fix intermittent issue in mempool_compatibility,,FALSE
,,d47d16025e,Merge #20485: [backport] wallet: Do not treat default constructed types as None-type,,FALSE
,,9facca3ce0,"Merge #20490: [backport] wallet: upgradewallet fixes, improvements, test coverage",,FALSE
,,68bd88597a,Merge #20505: [backport] build: Avoid secp256k1.h include from system,,FALSE
,,aa4b8ebfec,Merge #20510: [backport] wallet: allow zero-fee fundrawtransaction/walletcreatefundedpsbt and other fixes,,FALSE
,,3fee499bc3,Merge #20612: [0.21] final rc3 backports,,FALSE
DNM (Did Not Merge),,e6d0fa3ef6,gui: pre-rc3 translations update,,FALSE
DNM (Did Not Merge),,9ae536d368,build: Bump RC to rc3,,FALSE
,,ac125e960f,Merge #20669: [0.21] final rc4 backports,,FALSE
DNM (Did Not Merge),,93ce429f0e,qt: Pre-rc4 translations update,,FALSE
DNM (Did Not Merge),,212525337e,build: Bump RC to rc4,,FALSE
DNM (Did Not Merge),,e6ad8a6220,doc: Generate manual pages for 0.21.0rc4,,FALSE
,,6e28714da3,Merge #20850: [0.21] final rc5 backports,,FALSE
DNM (Did Not Merge),,4e7b4ce7eb,build: Bump RC to rc5,,FALSE
DNM (Did Not Merge),,15877d160c,qt: Pre-rc5 translations update,,FALSE
DNM (Did Not Merge),,91f0632464,Merge #20929: doc: Move 0.21.0 release notes from wiki,,FALSE
DNM (Did Not Merge),,95ea54ba08,build: Bump RC to 0 (-final),,FALSE
DNM (Did Not Merge),,7d8a10a6f4,"Merge #20933: [0.21] doc: Archive release notes, Add template for minor release",,FALSE
,,1bad33f952,Merge #21490: [0.21] Backport versionbits tests,,FALSE
,,a30fd40735,Merge #20901: [0.21.1]: rc1 Backports,,FALSE
,,65fa43bda1,Merge #21469: BIP 350: Implement Bech32m and use it for v1+ segwit addresses (0.21 backport),,FALSE
,,0b9a046c1a,Merge #21616: [0.21] build: link against -lsocket if required for *ifaddrs,,FALSE
,,e358b43f7d,Merge #21640: [0.21] Introduce DeferredSignatureChecker and have SignatureExtractorClass subclass it,,FALSE
,,0fe5b6130c,Merge #21520: [0.21] wallet: Avoid requesting fee rates multiple times during coin selection,,FALSE
,,e3b76b6c13,Merge #21701: [0.21] Speedy trial activation for Taproot,,FALSE
,,f8bbee425e,Merge #21614: [0.21] test: Backports,,FALSE
DNM (Did Not Merge),,ab20518191,gui: Pre-rc1 translations update,,FALSE
DNM (Did Not Merge),,e85dfdbf31,build: Bump version to 0.21.1rc1,,FALSE
DNM (Did Not Merge),,329eafa7f4,doc: Regenerate manual pages for 0.21.1rc1,,FALSE
DNM (Did Not Merge),,5577e0a486,doc: Add PR and author list to release notes for 0.21.1,,FALSE
DNM (Did Not Merge),,d97d0d31a6,"doc: Merge release notes fragment, merge taproot description from wiki",,FALSE
DNM (Did Not Merge),,194b9b8792,build: Bump RC to 0 (-final),,FALSE
,,bbd89d23b3,Merge bitcoin/bitcoin#21860: [0.21] Backport update to Boost download URL,,FALSE
,,8584a4460d,doc: Archive and clean out release notes post-0.21.1,,FALSE
,,58c0742632,Merge bitcoin/bitcoin#21932: [0.21] depends: update Qt 5.9 source url,,FALSE
,,419f9b3b3b,Merge bitcoin/bitcoin#22022: Final backports for 0.21.2rc1,,FALSE